cdr3_TRA,cdr3_TRB,epitope,MHCA,MHCB,Target
CAVDMSNGQKLQF,CASSLAGGTDTQYF,GILGFVFTL,DRA*01:01,DRB1*04:01,1
CAVRDSNYQLIW,CASSLEGGGTQYF,NLVPMVATV,DRA*01:01,DRB1*07:01,1
CAVIPGTSGELFF,CASSLRGGSQETQYF,ELAGIGILTV,DRA*01:01,DRB1*01:01,1
CAMSQNSGQKIIIF,CASSYGGTGELFF,LLFGYPVYV,DRA*01:01,DRB1*15:01,0
CAVIQNTGELFF,CASSWDSSGGANEQFF,CLTFGYVRYL,DQA1*01:02,DQB1*06:02,1
CAVVHDTSGELFF,CASSLAPGATNEKLFF,GILGFVFTL,DRA*01:01,DRB1*04:05,0
CAGVSQSVSRNEKF,CASSPGTGGSYEQYF,NLVPMVATV,DRA*01:01,DRB1*11:01,0
CAVIHSGQGTEAFF,CASSSGGTDTQYF,ELAGIGILTV,DQA1*03:01,DQB1*03:02,1
CAVRDMREKLTF,CASSGGTGGSYNEQF,KLTPLCVTLK,DRA*01:01,DRB1*04:01,1
CAMRVGASGSQETQYF,CASSLGGANTGELFF,YLQPRTFLL,DRA*01:01,DRB1*07:01,0
