cdr3_TRA,cdr3_TRB,epitope,MHCA,MHCB,Target,CDR3.beta.aa,MHC_pseudo,Epitope.peptide,label,task_id,hybrid_prob
CAVDMSNGQKLQF,CASSLAGGTDTQYF,GILGFVFTL,DRA*01:01,DRB1*04:01,1,CAVDMSNGQKLQFCASSLAGGTDTQYF,QEFFIASGAAVDAIMEVHFDYYDLQKATYHVGFT,GILGFVFTL,1.0,GILGFVFTL|DRA*01:01|DRB1*04:01,0.07579310238361359
CAVRDSNYQLIW,CASSLEGGGTQYF,NLVPMVATV,DRA*01:01,DRB1*07:01,1,CAVRDSNYQLIWCASSLEGGGTQYF,QEFFIASGAAVDAIMWGYFELYVIDRQTVHVGFT,NLVPMVATV,1.0,NLVPMVATV|DRA*01:01|DRB1*07:01,0.198201984167099
CAVIPGTSGELFF,CASSLRGGSQETQYF,ELAGIGILTV,DRA*01:01,DRB1*01:01,1,CAVIPGTSGELFFCASSLRGGSQETQYF,QEFFIASGAAVDAIMWLFLECYDLQRATYHVGFT,ELAGIGILTV,1.0,ELAGIGILTV|DRA*01:01|DRB1*01:01,0.014010150916874409
CAMSQNSGQKIIIF,CASSYGGTGELFF,LLFGYPVYV,DRA*01:01,DRB1*15:01,0,CAMSQNSGQKIIIFCASSYGGTGELFF,QEFFIASGAAVDAIMWPRFDYFDIQAATYHVVFT,LLFGYPVYV,0.0,LLFGYPVYV|DRA*01:01|DRB1*15:01,0.02242143265902996
CAVIQNTGELFF,CASSWDSSGGANEQFF,CLTFGYVRYL,DQA1*01:02,DQB1*06:02,1,CAVIQNTGELFFCASSWDSSGGANEQFF,ACSQGSKDPGNMVNLFFGLTYYDVGTETVHVAGI,CLTFGYVRYL,1.0,CLTFGYVRYL|DQA1*01:02|DQB1*06:02,0.05478759482502937
CAVVHDTSGELFF,CASSLAPGATNEKLFF,GILGFVFTL,DRA*01:01,DRB1*04:05,0,CAVVHDTSGELFFCASSLAPGATNEKLFF,QEFFIASGAAVDAIMEVHFDYYSLQRATYHVGFT,GILGFVFTL,0.0,GILGFVFTL|DRA*01:01|DRB1*04:05,0.0665484368801117
CAGVSQSVSRNEKF,CASSPGTGGSYEQYF,NLVPMVATV,DRA*01:01,DRB1*11:01,0,CAGVSQSVSRNEKFCASSPGTGGSYEQYF,QEFFIASGAAVDAIMESSFDYFDFDRATYHVGFT,NLVPMVATV,0.0,NLVPMVATV|DRA*01:01|DRB1*11:01,0.056149959564208984
CAVIHSGQGTEAFF,CASSSGGTDTQYF,ELAGIGILTV,DQA1*03:01,DQB1*03:02,1,CAVIHSGQGTEAFFCASSSGGTDTQYF,AYSQGRRDPFNIVNLYFGLTYYAVRTETVHLETT,ELAGIGILTV,1.0,ELAGIGILTV|DQA1*03:01|DQB1*03:02,0.04908344894647598
CAVRDMREKLTF,CASSGGTGGSYNEQF,KLTPLCVTLK,DRA*01:01,DRB1*04:01,1,CAVRDMREKLTFCASSGGTGGSYNEQF,QEFFIASGAAVDAIMEVHFDYYDLQKATYHVGFT,KLTPLCVTLK,1.0,KLTPLCVTLK|DRA*01:01|DRB1*04:01,0.02684774436056614
CAMRVGASGSQETQYF,CASSLGGANTGELFF,YLQPRTFLL,DRA*01:01,DRB1*07:01,0,CAMRVGASGSQETQYFCASSLGGANTGELFF,QEFFIASGAAVDAIMWGYFELYVIDRQTVHVGFT,YLQPRTFLL,0.0,YLQPRTFLL|DRA*01:01|DRB1*07:01,0.15135566890239716
