cdr3_TRA,cdr3_TRB,epitope,MHCA,MHCB,label
CAEGSFGTNAGKSTF,CSAGGVVNRQFF,AGSGIIISD,DQA1_0102,DQB1_0602,1
CAAADTGNQFYF,CASSSHGQGNQPQHF,AGSGIIISD,DQA1_0102,DQB1_0602,1
CAGSPRQGGSEKLVF,CSARHLATAGRNEQFF,AGSGIIISD,DQA1_0102,DQB1_0602,1
CAVSRAGANNLFF,CASSQGLGPGLFNQPQHF,AGSGIIISD,DQA1_0102,DQB1_0602,1
CAAPYNQGGKLIF,CASARVAGLYSNQPQHF,AGSGIIISD,DQA1_0102,DQB1_0602,1
CAVSERTTQAGTALIF,CASSPGQGAGELFF,AGSGIIISD,DQA1_0102,DQB1_0602,1
CAVSDNPRVQGAQKLVF,CSAAGTGGAGTEAFF,AGSGIIISD,DQA1_0102,DQB1_0602,1
CAVQVNAGGTSYGKLTF,CASSLRLGGLAGVGAQYF,AGSGIIISD,DQA1_0102,DQB1_0602,1
CATDGYNTDKLIF,CASSQGRTGSSNYGYTF,AGSGIIISD,DQA1_0102,DQB1_0602,1
CVVVHGSGNTGKLIF,CASSQTAGGGLYEQYF,AGSGIIISD,DQA1_0102,DQB1_0602,1
CAMREGLSLLDTGNQFYF,CSVALQGAGNQPQHF,AGSGIIISD,DQA1_0102,DQB1_0602,1
CAVRKGGSEKLVF,CASSYFPGLSYNSPLHF,AGSGIIISD,DQA1_0102,DQB1_0602,1
CILRDGRIIQGAQKLVF,CASGGTSGFRSSYNEQFF,AGSGIIISD,DQA1_0102,DQB1_0602,1
CAMSAQGGSEKLVF,CASETQGIGNQPQHF,AGSGIIISD,DQA1_0102,DQB1_0602,1
CATGSYNTDKLIF,CASSQGRTGPANYGYTF,AGSGIIISD,DQA1_0102,DQB1_0602,1
CGRGGSNYKLTF,CASSTSTGQFSGANVLTF,AGSGIIISD,DQA1_0102,DQB1_0602,1
CAVGGQYNFNKFYF,CASSPFSGRGAADTQYF,AGSGIIISD,DQA1_0102,DQB1_0602,1
CAASMSTNQGGKLIF,CSADRYAYEQYF,AGSGIIISD,DQA1_0102,DQB1_0602,1
CATDPDSGGSNYKLTF,CASSGQQVFYGYTF,AGSGIIISD,DQA1_0102,DQB1_0602,1
CAVGLTDSWGKLQF,CASSIDKQGNSYNEQFF,AGSGIIISD,DQA1_0102,DQB1_0602,1
CAASARQGGSEKLVF,CASSWVQGGDEKLFF,AGSGIIISD,DQA1_0102,DQB1_0602,1
CALSLDNNARLMF,CSANSGRASGGEQFF,AGSGIIISD,DQA1_0102,DQB1_0602,1
CARGGTSYGKLTF,CAWAGAGGYEQYF,AGSGIIISD,DQA1_0102,DQB1_0602,1
CAAGGDSGSRLTF,CASTGGAFEAFF,AGSGIIISD,DQA1_0102,DQB1_0602,1
CAGQLAQGGSEKLVF,CSGAPWGTSGRSETQYF,AGSGIIISD,DQA1_0102,DQB1_0602,1
CAENRDSGTYKYIF,CASSLYGQGASGYTF,AGSGIIISD,DQA1_0102,DQB1_0602,1
CAAYSSASKIIF,CASSVEGNFYSPLHF,AGSGIIISD,DQA1_0102,DQB1_0602,1
CVVSGTWGNNARLMF,CASSPGQTMRDTQYF,AGSGIIISD,DQA1_0102,DQB1_0602,1
CAAQGGYNKLIF,CASSPGQVPYNEQFF,AGSGIIISD,DQA1_0102,DQB1_0602,1
CARHNYGQNFVF,CASSTGTGFTDTQYF,AGSGIIISD,DQA1_0102,DQB1_0602,1
CAVSEGNNQGGKLIF,CASRGQGNSPLHF,AGSGIIISD,DQA1_0102,DQB1_0602,1
CAVSDQQGGKLIF,CASSPTGTGNSPLHF,AGSGIIISD,DQA1_0102,DQB1_0602,1
CAVGPRMDSSYKLIF,CASSQGSLNTDTQYF,AGSGIIISD,DQA1_0102,DQB1_0602,1
CATVGYNTDKLIF,CASSQGRQGVSYGYTF,AGSGIIISD,DQA1_0102,DQB1_0602,1
CAVRPYNNNDMRF,CASLRAGGLTGELFF,AGSGIIISD,DQA1_0102,DQB1_0602,1
CAVSEGRSNQGGKLIF,CASSSQGRENEQYF,AGSGIIISD,DQA1_0102,DQB1_0602,1
CAVESTNAGKSTF,CASTHRKGDSGNTIYF,AGSGIIISD,DQA1_0102,DQB1_0602,1
CAVTSRAGGYQKVTF,CASSVTQNSYEQYF,AGSGIIISD,DQA1_0102,DQB1_0602,1
CAVEETSGSRLTF,CASSQPDTRADTQYF,AGSGIIISD,DQA1_0102,DQB1_0602,1
CAVSERGGSEKLVF,CASSVTTTSYEQYF,AGSGIIISD,DQA1_0102,DQB1_0602,1
CAATDTGNQFYF,CASSQHGQGNQPQHF,AGSGIIISD,DQA1_0102,DQB1_0602,1
CATESLNTDKLIF,CASSQGRGPQTDTQYF,AGSGIIISD,DQA1_0102,DQB1_0602,1
CAVSERGAQKLVF,CSAPSGGGRASGANVLTF,AGSGIIISD,DQA1_0102,DQB1_0602,1
CAASFGSSNTGKLIF,CASSPTPGTVFTYEQYF,AGSGIIISD,DQA1_0102,DQB1_0602,1
CATDDRGSTLGRLYF,CASSVTGTGGVNYGYTF,AGSGIIISD,DQA1_0102,DQB1_0602,1
CAAGDTGNQFYF,CASSPHGQGNQPQHF,AGSGIIISD,DQA1_0102,DQB1_0602,1
CAVGVADSWGKLQF,CASSIVAGGTSYNEQFF,AGSGIIISD,DQA1_0102,DQB1_0602,1
CAVTPGGYQKVTF,CASSPQRGGQTGELFF,AGSGIIISD,DQA1_0102,DQB1_0602,1
CAGATGTASKLTF,CSAPTETSGGEQYF,AGSGIIISD,DQA1_0102,DQB1_0602,1
CAGHTSNTGNQFYF,CASSRGTGGRETQYF,AGSGIIISD,DQA1_0102,DQB1_0602,1
CAASGYGQNFVF,CSARGPREKLFF,AGSGIIISD,DQA1_0102,DQB1_0602,1
CILIKAAGNKLTF,CSAQGPVNEQFF,AGSGIIISD,DQA1_0102,DQB1_0602,1
CAVSETLGRLYF,CASSRQGTFAEQFF,AGSGIIISD,DQA1_0102,DQB1_0602,1
CALSEAFPPLYNFNKFYF,CASSLFATSGKDTQYF,AGSGIIISD,DQA1_0102,DQB1_0602,1
CAVSEGAQGAQKLVF,CASSTPGLDTDTQYF,AGSGIIISD,DQA1_0102,DQB1_0602,1
CLRVPNRGSQGNLIF,CASSLSITGARVEAFF,AGSGIIISD,DQA1_0102,DQB1_0602,1
CIVRRVYGGSQGNLIF,CASSLGGQQGGDTQYF,AGSGIIISD,DQA1_0102,DQB1_0602,1
CAVQELARLMF,CASSVEGYSSPLHF,AGSGIIISD,DQA1_0102,DQB1_0602,1
CATDAELGNKLVF,CASSQDRGRGTDTQYF,AGSGIIISD,DQA1_0102,DQB1_0602,1
CAGHPTQGGSEKLVF,CSAGLWGFSNQPQHF,AGSGIIISD,DQA1_0102,DQB1_0602,1
CATASENTDKLIF,CASSQGATGGIIGGYTF,AGSGIIISD,DQA1_0102,DQB1_0602,1
CATDPFTGANNLFF,CASSQGRANTGELFF,AGSGIIISD,DQA1_0102,DQB1_0602,1
CATDSYNTDKLIF,CASSQARTGGSNYGYTF,AGSGIIISD,DQA1_0102,DQB1_0602,1
CIVRVGDVSGSRLTF,CASRLGLAANTGELFF,AGSGIIISD,DQA1_0102,DQB1_0602,1
CATDASLGTGANNLFF,CASSSTGLAGVDTQYF,AGSGIIISD,DQA1_0102,DQB1_0602,1
CAATEAQGGGNKLTF,CASSLGGTYNEQFF,AGSGIIISD,DQA1_0102,DQB1_0602,1
CVVNMLGNQGGKLIF,CASSGAGQPQHF,AGSGIIISD,DQA1_0102,DQB1_0602,1
CAVNRVKNFVF,CASSHGLGAQNTEAFF,AGSGIIISD,DQA1_0102,DQB1_0602,1
CAVSVDTRPDQYGNKLVF,CASSIGVGTSGRTDTQYF,AGSGIIISD,DQA1_0102,DQB1_0602,1
CATVHYNTDKLIF,CASSLGAGASSYEQYF,AGSGIIISD,DQA1_0102,DQB1_0602,1
CAGREVSGGSNYKLTF,CASSRRTGAYEKLFF,AGSGIIISD,DQA1_0102,DQB1_0602,1
CALSENGGATNKLIF,CASSPHPGTSGAAETQYF,AGSGIIISD,DQA1_0102,DQB1_0602,1
CIVRVGGNAGNMLTF,CSAPPPGSHNQPQHF,AGSGIIISD,DQA1_0102,DQB1_0602,1
CAGGVNSGGGADGLTF,CASTSGRATNEKLFF,AGSGIIISD,DQA1_0102,DQB1_0602,1
CAACAYNTDKLIF,CASSQGRTATNEKLFF,AGSGIIISD,DQA1_0102,DQB1_0602,1
CAGGVISNFGNEKLTF,CASSIPMRNTGELFF,AGSGIIISD,DQA1_0102,DQB1_0602,1
CATVFYNTDKLIF,CASSQGRAATNEKLFF,AGSGIIISD,DQA1_0102,DQB1_0602,1
CAASPTMNRDDKIIF,CASKRSGGATGQYF,AGSGIIISD,DQA1_0102,DQB1_0602,1
CAVNRRDSSYKLIF,CSAARQGNPQSDTQYF,AGSGIIISD,DQA1_0102,DQB1_0602,1
CATAGYNTDKLIF,CASSQGRTAMNTEAFF,AGSGIIISD,DQA1_0102,DQB1_0602,1
CAMRETQGAQKLVF,CASSSSTANQPQHF,AGSGIIISD,DQA1_0102,DQB1_0602,1
CAGSPSQGGSEKLVF,CSARPLGTSGRDEQFF,AGSGIIISD,DQA1_0102,DQB1_0602,1
CIVRVKEGGGADGLTF,CSVDQNGYEQYF,AGSGIIISD,DQA1_0102,DQB1_0602,1
CAMRGQDSGYSTLTF,CASSIVRGLYSNQPQHF,AGSGIIISD,DQA1_0102,DQB1_0602,1
CIVRGNTDKLIF,CSALSGRLDNEQFF,AGSGIIISD,DQA1_0102,DQB1_0602,1
CAVQSQYNFNKFYF,CASSHDANYGYTF,AGSGIIISD,DQA1_0102,DQB1_0602,1
CAASYFSTGYSTLTF,CASSIPGVAQPQHF,AGSGIIISD,DQA1_0102,DQB1_0602,1
CAAYGSGNTGKLIF,CASTPIAGQNNEQFF,AGSGIIISD,DQA1_0102,DQB1_0602,1
CAVILSSGGYNKLIF,CSASPPWTSGNYNEQFF,AGSGIIISD,DQA1_0102,DQB1_0602,1
CAVSPSDSWGKLQF,CASSYPGLSQETQYF,AGSGIIISD,DQA1_0102,DQB1_0602,1
CAGGGYNTDKLIF,CASSQAKTGGTYYGYTF,AGSGIIISD,DQA1_0102,DQB1_0602,1
CAVSDRNANAGKSTF,CASSVGLLNSNQPQHF,AGSGIIISD,DQA1_0102,DQB1_0602,1
CATVAYNTDKLIF,CASSQGSAGTQMGYTF,AGSGIIISD,DQA1_0102,DQB1_0602,1
CAVRATDSWGKLQF,CASSGQVRTDTQYF,AGSGIIISD,DQA1_0102,DQB1_0602,1
CAVGPSDNQGGKLIF,CASKSQGALGPQHF,AGSGIIISD,DQA1_0102,DQB1_0602,1
CAASESRTNAGKSTF,CASARTGYTGELFF,AGSGIIISD,DQA1_0102,DQB1_0602,1
CAVSENNQGGKLIF,CASSSGGGALGTQYF,AGSGIIISD,DQA1_0102,DQB1_0602,1
CAGSPTQGGSEKLVF,CSVRPVGTSGRDEQFF,AGSGIIISD,DQA1_0102,DQB1_0602,1
CAVGAGSGGGADGLTF,CASSRRSGGGTDTQYF,AGSGIIISD,DQA1_0102,DQB1_0602,1
CAVEYTGGFKTIF,CASSPFNYGYTF,AGSGIIISD,DQA1_0102,DQB1_0602,1
CAMRSSGGYQKVTF,CASSLRLAGGGLGNEQFF,AGSGIIISD,DQA1_0102,DQB1_0602,1
CAVVLGGNTPLVF,CASSLVPRISGNTIYF,AGSGIIISD,DQA1_0102,DQB1_0602,1
CLVGDMEYGNKLVF,CASSQAPPSGNEQFF,AGSGIIISD,DQA1_0102,DQB1_0602,1
CALIEWQGAQKLVF,CASRWTGGDQPQHF,AGSGIIISD,DQA1_0102,DQB1_0602,1
CAGAPGNQGGKLIF,CASSPGARAFF,AGSGIIISD,DQA1_0102,DQB1_0602,1
CAARGYQKVTF,CASSEQQGNEQYF,AGSGIIISD,DQA1_0102,DQB1_0602,1
CAVSPNTDKLIF,CASTSVGNEQFF,AGSGIIISD,DQA1_0102,DQB1_0602,1
CAMSEGAGSYQLTF,CSARTSGSPLYNEQFF,AGSGIIISD,DQA1_0102,DQB1_0602,1
CAFHNNARLMF,CATSDGTGTTQETQYF,AGSGIIISD,DQA1_0102,DQB1_0602,1
CAENRVTGNQFYF,CASSLDRGSEKLFF,AGSGIIISD,DQA1_0102,DQB1_0602,1
CAVYPLRGNARLMF,CSARTGENTEAFF,AGSGIIISD,DQA1_0102,DQB1_0602,1
CAMRAYSGGGADGLTF,CASRRTGPSSYEQYF,AGSGIIISD,DQA1_0102,DQB1_0602,1
CAVGGGATNKLIF,CASSLLGRHTGELFF,AGSGIIISD,DQA1_0102,DQB1_0602,1
CALQNNAGNMLTF,CAWSGVSSYNEQFF,AGSGIIISD,DQA1_0102,DQB1_0602,1
CAGSSANQAGTALIF,CSARGGQGAPSPLHF,AGSGIIISD,DQA1_0102,DQB1_0602,1
CAASRGGGNKLTF,CSAADRESTNEKLFF,AGSGIIISD,DQA1_0102,DQB1_0602,1
CILHTDNAGNMLTF,CASSLLGQGIGEQFF,AGSGIIISD,DQA1_0102,DQB1_0602,1
CAGVINTGTASKLTF,CASSSTGSPSYNEQFF,AGSGIIISD,DQA1_0102,DQB1_0602,1
CAGQREYGNKLVF,CASSYGTGLIYNEQFF,AGSGIIISD,DQA1_0102,DQB1_0602,1
CAVRLTTNAGKSTF,CASSSTASYEQYF,AGSGIIISD,DQA1_0102,DQB1_0602,1
CAYRNRDDKIIF,CSASSPPPNAKNIQYF,AGSGIIISD,DQA1_0102,DQB1_0602,1
CAMSAIYGQNFVF,CSARRTENLYEQYF,AGSGIIISD,DQA1_0102,DQB1_0602,1
CAILPFSGGYNKLIF,CASSSINNSPLHF,AGSGIIISD,DQA1_0102,DQB1_0602,1
CAYMANAGGTSYGKLTF,CASSWGGQGDTQYF,AGSGIIISD,DQA1_0102,DQB1_0602,1
CAVRPSYNTDKLIF,CASSVTSTGELFF,AGSGIIISD,DQA1_0102,DQB1_0602,1
CATDAGGGADGLTF,CASSLEGSGRAYGELFF,AGSGIIISD,DQA1_0102,DQB1_0602,1
CAELFARLMF,CASSEGRKNSPLHF,AGSGIIISD,DQA1_0102,DQB1_0602,1
CAVHSLRQGGSEKLVF,CASSLATGGHGYTF,AGSGIIISD,DQA1_0102,DQB1_0602,1
CAMSEAAAGNKLTF,CASSMNSEETQYF,AGSGIIISD,DQA1_0102,DQB1_0602,1
CALSDKKYNFNKFYF,CASSHSGSRETQYF,AGSGIIISD,DQA1_0102,DQB1_0602,1
CIVRSSNMNRDDKIIF,CASSPDRTYSYEQYF,AGSGIIISD,DQA1_0102,DQB1_0602,1
CAVDDGGTASKLTF,CASSLDYEQYF,AGSGIIISD,DQA1_0102,DQB1_0602,1
CAVGSSYKLIF,CASSESGGGGEKLFF,AGSGIIISD,DQA1_0102,DQB1_0602,1
CIVRPTLLTGANSKLTF,CASSLLNTEAFF,AGSGIIISD,DQA1_0102,DQB1_0602,1
CAVRKSNAGNMLTF,CSATETGWNNEAFF,AGSGIIISD,DQA1_0102,DQB1_0602,1
CAVHPMDSSYKLIF,CSARREGGETQYF,AGSGIIISD,DQA1_0102,DQB1_0602,1
CAPLDTGRRALTF,CASSLGLAVGGSDTQYF,AGSGIIISD,DQA1_0102,DQB1_0602,1
CAVTPYNNNDMRF,CASSRSRESGEQYF,AGSGIIISD,DQA1_0102,DQB1_0602,1
CIVRVGGANSGYALNF,CASRGQGGTDTQYF,AGSGIIISD,DQA1_0102,DQB1_0602,1
CAVTSGGYNKLIF,CSARVRLAVSSYNEQFF,AGSGIIISD,DQA1_0102,DQB1_0602,1
CAMRETSGSRLTF,CSARTRSSYEQYF,AGSGIIISD,DQA1_0102,DQB1_0602,1
CALQTQGGSEKLVF,CASSYRGPNYGYTF,AGSGIIISD,DQA1_0102,DQB1_0602,1
CAASNGVDNNNDMRF,CASSRSRGGYTF,AGSGIIISD,DQA1_0102,DQB1_0602,1
CALSVLNTGGFKTIF,CASSVDGTSGETQYF,AGSGIIISD,DQA1_0102,DQB1_0602,1
CAGHQGGSEKLVF,CASSRTGTTFF,AGSGIIISD,DQA1_0102,DQB1_0602,1
CAATQFYGGSQGNLIF,CASSQLLAGGETQYF,AGSGIIISD,DQA1_0102,DQB1_0602,1
CAPETSGSRLTF,CASSFRVQGSPLHF,AGSGIIISD,DQA1_0102,DQB1_0602,1
CAIRYGNNRLAF,CASSLAGGNEKLFF,AGSGIIISD,DQA1_0102,DQB1_0602,1
CIVRGISSGSARQLTF,CASRMTGAYSPLHF,AGSGIIISD,DQA1_0102,DQB1_0602,1
CIVRVAGNTGKLIF,CASSYSTGGSNYGYTF,ASGNHAAGILTM,DQB1_0602,DQA1_0102,1
CATADYNQGGKLIF,CASSLDFYNEQFF,ASGNHAAGILTM,DQB1_0602,DQA1_0102,1
CVVIKGDNAGNMLTF,CASSLLGYEQFF,ASGNHAAGILTM,DQB1_0602,DQA1_0102,1
CALPNFGNEKLTF,CASSSDFPGSYEQYF,ASGNHAAGILTM,DQB1_0602,DQA1_0102,1
CILRDFQGAQKLVF,CSAWGGKGKNQPQHF,ASGNHAAGILTM,DQB1_0602,DQA1_0102,1
CAVDLGGSQGNLIF,CASSQLAGYYEQYF,ASGNHAAGILTM,DQB1_0602,DQA1_0102,1
CAMREGEGTALIF,CASSIGPAVGEKLFF,ASGNHAAGILTM,DQB1_0602,DQA1_0102,1
CAVGPLNARLMF,CASSLPTGNTEAFF,ASGNHAAGILTM,DQB1_0602,DQA1_0102,1
CATDAGGTSGSRLTF,CASTPIAGYNYGYTF,ASGNHAAGILTM,DQB1_0602,DQA1_0102,1
CAASADNARLMF,CASSLVGFVGGYTF,ASGNHAAGILTM,DQB1_0602,DQA1_0102,1
CALSEDAGGGADGLTF,CASRRHQQETQYF,ASGNHAAGILTM,DQB1_0602,DQA1_0102,1
CAASTNDMRF,CASSQGTSGRAQETQYF,ASGNHAAGILTM,DQB1_0602,DQA1_0102,1
CAGGGGATNKLIF,CAWSEGGYGYTF,ASGNHAAGILTM,DQB1_0602,DQA1_0102,1
CALSDSQGGSEKLVF,CASSPTFQGLVPQPQHF,ASGNHAAGILTM,DQB1_0602,DQA1_0102,1
CAVSEEDDKIIF,CASRQGQKNEQFF,ASGNHAAGILTM,DQB1_0602,DQA1_0102,1
CAVDPSGSARQLTF,CASQTSTEAFF,ASGNHAAGILTM,DQB1_0602,DQA1_0102,1
CAVQVWDQAGTALIF,CASSLRSGRGNEQFF,ASGNHAAGILTM,DQB1_0602,DQA1_0102,1
CAASARYGGSQGNLIF,CASSFEGINEKLFF,ASGNHAAGILTM,DQB1_0602,DQA1_0102,1
CAGGTGNQFYF,CASSDGGTKQFF,ASGNHAAGILTM,DQB1_0602,DQA1_0102,1
CAVILNAGGTSYGKLTF,CASSLGSGASGNGELFF,ASGNHAAGILTM,DQB1_0602,DQA1_0102,1
CAVDNGRTETSGSRLTF,CASSFGLAETQYF,ASGNHAAGILTM,DQB1_0602,DQA1_0102,1
CAESILGGSYIPTF,CASSDSFGYTF,ASGNHAAGILTM,DQB1_0602,DQA1_0102,1
CAYKDTGTASKLTF,CASSQVDTGGGEKLFF,ASGNHAAGILTM,DQB1_0602,DQA1_0102,1
CIVRGFEYGNKLVF,CASSLSIPPYEQYF,ASGNHAAGILTM,DQB1_0602,DQA1_0102,1
CAARDLLSGSARQLTF,CASAFEYYVETQYF,ASGNHAAGILTM,DQB1_0602,DQA1_0102,1
CAVGFSGGYNKLIF,CSAPRPPGDGYTF,ASGNHAAGILTM,DQB1_0602,DQA1_0102,1
CIVRVGNTDKLIF,CASSLGPPNSPLHF,ASGNHAAGILTM,DQB1_0602,DQA1_0102,1
CVVNPGDDYKLSF,CASSVTKATGTFF,ASGNHAAGILTM,DQB1_0602,DQA1_0102,1
CAVETGGYQKVTF,CASSTDTGELFF,ASGNHAAGILTM,DQB1_0602,DQA1_0102,1
CAVNKKPGTYKYIF,CASRSTVSYEQYF,ASGNHAAGILTM,DQB1_0602,DQA1_0102,1
CAVQGGSEKLVF,CASSLSRVGGNQPQHF,ASGNHAAGILTM,DQB1_0602,DQA1_0102,1
CAVRDLTGGGNKLTF,CASNYLAGAYEQYF,ASGNHAAGILTM,DQB1_0602,DQA1_0102,1
CAVFGNEKLTF,CASSYLRGGGEQYF,ASGNHAAGILTM,DQB1_0602,DQA1_0102,1
CAGQLAGTYKYIF,CASRGGPGTGELFF,ASGNHAAGILTM,DQB1_0602,DQA1_0102,1
CAVPEGGTYKYIF,CASSQPYQKQFF,ASGNHAAGILTM,DQB1_0602,DQA1_0102,1
CAYRSARSGAGSYQLTF,CASSHAGVNSPLHF,ASGNHAAGILTM,DQB1_0602,DQA1_0102,1
CAASLHTGGGNKLTF,CASSQAMGNEKLFF,ASGNHAAGILTM,DQB1_0602,DQA1_0102,1
CAVMSYNTDKLIF,CASSLQYSNQPQHF,ASGNHAAGILTM,DQB1_0602,DQA1_0102,1
CAFRDYNQGGKLIF,CASSPPERGRTDTQYF,ASGNHAAGILTM,DQB1_0602,DQA1_0102,1
CAVRDMPGTYKYIF,CSARDLAGANGYTF,ASGNHAAGILTM,DQB1_0602,DQA1_0102,1
CAVRDMFISTDKLIF,CASSLGLAGVTETQYF,ASGNHAAGILTM,DQB1_0602,DQA1_0102,1
CAMKGRTGFQKLVF,CASSSGLAGVEYNEQFF,ASGNHAAGILTM,DQB1_0602,DQA1_0102,1
CAYTGANSKLTF,CASGPGRESRETQYF,ASGNHAAGILTM,DQB1_0602,DQA1_0102,1
CIPFRGGTSYGKLTF,CASSLAPGQGYYEQYF,ASGNHAAGILTM,DQB1_0602,DQA1_0102,1
CAENDGGSQGNLIF,CATHRSSYNSPLHF,ASGNHAAGILTM,DQB1_0602,DQA1_0102,1
CIVRVSSTLGRLYF,CASLGAGGTYEQYF,ASGNHAAGILTM,DQB1_0602,DQA1_0102,1
CAMSAVDSSYKLIF,CASSRTDKDF,ASGNHAAGILTM,DQB1_0602,DQA1_0102,1
CAVKDPPRGNFGNEKLTF,CASSYSLHGNTIYF,ASGNHAAGILTM,DQB1_0602,DQA1_0102,1
CAMSAGARLMF,CASSIAGAGGLDEQFF,ASGNHAAGILTM,DQB1_0602,DQA1_0102,1
CALTESGGYQKVTF,CAIKWSQDNSPLHF,ASGNHAAGILTM,DQB1_0602,DQA1_0102,1
CAVARNSGYALNF,CASSSQKTGGVKDTQYF,ASGNHAAGILTM,DQB1_0602,DQA1_0102,1
CAENIPGTYKYIF,CSARIAGRDNSPLHF,ASGNHAAGILTM,DQB1_0602,DQA1_0102,1
CAVRDGPGGSYIPTF,CAWSVSSVARASYEQYF,ASGNHAAGILTM,DQB1_0602,DQA1_0102,1
CAASARSSNTGKLIF,CASSSPPGTGGTNEKLFF,ASGNHAAGILTM,DQB1_0602,DQA1_0102,1
CATSQGAQKLVF,CASSEGHWGDYGYTF,ASGNHAAGILTM,DQB1_0602,DQA1_0102,1
CIVRPKETSGSRLTF,CASSRTDEAFF,ASGNHAAGILTM,DQB1_0602,DQA1_0102,1
CAVNKDYGGSQGNLIF,CASTDVGLALSFF,ASGNHAAGILTM,DQB1_0602,DQA1_0102,1
CALSGRNTGNQFYF,CASSVAGRPQETQYF,ASGNHAAGILTM,DQB1_0602,DQA1_0102,1
CALSENARLMF,CASSPSTGYSDTQYF,ASGNHAAGILTM,DQB1_0602,DQA1_0102,1
CAVRKVEYGGSQGNLIF,CASSPYDSMNTGELFF,ASGNHAAGILTM,DQB1_0602,DQA1_0102,1
CALLNQAGTALIF,CASSLSSGETQYF,ASGNHAAGILTM,DQB1_0602,DQA1_0102,1
CAASYAGNQFYF,CASSLSSRGKASGYTF,ASGNHAAGILTM,DQB1_0602,DQA1_0102,1
CILKAGGTSYGKLTF,CASSLRPISGNNEQFF,ASGNHAAGILTM,DQB1_0602,DQA1_0102,1
CALSDVQGAQKLVF,CASSLPPGALEQYF,ASGNHAAGILTM,DQB1_0602,DQA1_0102,1
CALSGGDTGTASKLTF,CASSRGQGRTDTQYF,ASGNHAAGILTM,DQB1_0602,DQA1_0102,1
CAVSPYGNNRLAF,CASNPGTANTEAFF,ASGNHAAGILTM,DQB1_0602,DQA1_0102,1
CAESAGNMLTF,CASRRLGGPPSTDTQYF,ASGNHAAGILTM,DQB1_0602,DQA1_0102,1
CAGARSVGNQFYF,CASSLVPGRSYEQYF,ASGNHAAGILTM,DQB1_0602,DQA1_0102,1
CILRAQGGSEKLVF,CSASGPKQYF,ASGNHAAGILTM,DQB1_0602,DQA1_0102,1
CILRDSVWGRNDMRF,CASSLRTSGEMGQYF,ASGNHAAGILTM,DQB1_0602,DQA1_0102,1
CAASTTGTASKLTF,CASSERLDSPLHF,ASGNHAAGILTM,DQB1_0602,DQA1_0102,1
CAAKGGGGNKLTF,CSATDGIYSNQPQHF,ASGNHAAGILTM,DQB1_0602,DQA1_0102,1
CATDAPGRRALTF,CATRQGTSVAYNEQFF,ASGNHAAGILTM,DQB1_0602,DQA1_0102,1
CAESGSSASKIIF,CATREVYGYTF,ASGNHAAGILTM,DQB1_0602,DQA1_0102,1
CAGQGGSEKLVF,CASSFGQGLGGNQPQHF,ASGNHAAGILTM,DQB1_0602,DQA1_0102,1
CVVSYYNNNDMRF,CASSLVIQETQYF,ASGNHAAGILTM,DQB1_0602,DQA1_0102,1
CATDGGGSNYKLTF,CASSAYSSEAFF,ASGNHAAGILTM,DQB1_0602,DQA1_0102,1
CAMRGLDTGRRALTF,CSARDPGEPGEQYF,ASGNHAAGILTM,DQB1_0602,DQA1_0102,1
CAVITREYGNKLVF,CAWSLGQGAVYNSPLHF,ASGNHAAGILTM,DQB1_0602,DQA1_0102,1
CIVRPSYSSASKIIF,CASSATQGTYEQYF,ASGNHAAGILTM,DQB1_0602,DQA1_0102,1
CAVRDPGGFKTIF,CASSPDTNTEAFF,ASGNHAAGILTM,DQB1_0602,DQA1_0102,1
CALAGMFSGGYNKLIF,CASSSPGTGGLYNEQFF,ASGNHAAGILTM,DQB1_0602,DQA1_0102,1
CIVRLSHGSSNTGKLIF,CASSSWDRDEQYF,ASGNHAAGILTM,DQB1_0602,DQA1_0102,1
CILSAGTHSGTYKYIF,CASSLREVGEQFF,ASGNHAAGILTM,DQB1_0602,DQA1_0102,1
CAVEDRNTGFQKLVF,CASKSGSSNQPQHF,ASGNHAAGILTM,DQB1_0602,DQA1_0102,1
CAAPRGNAGKSTF,CASSSDRNQPQHF,ASGNHAAGILTM,DQB1_0602,DQA1_0102,1
CAAVAMTTDSWGKLQF,CASSLTGSRSSYNSPLHF,ASGNHAAGILTM,DQB1_0602,DQA1_0102,1
CAVSVVVSGNTPLVF,CASSIARGEKLFF,ASGNHAAGILTM,DQB1_0602,DQA1_0102,1
CAVNAQGGYSTLTF,CASSPVEDTQYF,ASGNHAAGILTM,DQB1_0602,DQA1_0102,1
CILREYGAGSYQLTF,CASSEAGADKETQYF,ASGNHAAGILTM,DQB1_0602,DQA1_0102,1
CAMMNAGGTSYGKLTF,CATGLVNTQYF,ASGNHAAGILTM,DQB1_0602,DQA1_0102,1
CAGLSGNTGKLIF,CASSSDTYNSPLHF,ASGNHAAGILTM,DQB1_0602,DQA1_0102,1
CAAPPGGGNKLTF,CASSNLQGVGGYTF,ASGNHAAGILTM,DQB1_0602,DQA1_0102,1
CAVYNYGQNFVF,CASSLGGATEAFF,ASGNHAAGILTM,DQB1_0602,DQA1_0102,1
CAVPRIQGAQKLVF,CASKTLVNTEAFF,ASGNHAAGILTM,DQB1_0602,DQA1_0102,1
CIVRPPGSSGDKLTF,CAGRTSRAGELFF,ASGNHAAGILTM,DQB1_0602,DQA1_0102,1
CAYRFNSGGGADGLTF,CASRSPGQGYSPLHF,ASGNHAAGILTM,DQB1_0602,DQA1_0102,1
CILRDVEGYQKVTF,CASSISGRGQETQYF,ASGNHAAGILTM,DQB1_0602,DQA1_0102,1
CIVRPTGTASKLTF,CASSGLAGAIEQFF,ASGNHAAGILTM,DQB1_0602,DQA1_0102,1
CAIRYNFNKFYF,CATSDPKEGKDEQFF,ASGNHAAGILTM,DQB1_0602,DQA1_0102,1
CAVPRPDTGFQKLVF,CASSPRGSGGATDTQYF,ASGNHAAGILTM,DQB1_0602,DQA1_0102,1
CAVREGDMRF,CAWSQWDRGFAGELFF,ASGNHAAGILTM,DQB1_0602,DQA1_0102,1
CAVPLGAGSYQLTF,CAWSSQMGEKLFF,ASGNHAAGILTM,DQB1_0602,DQA1_0102,1
CAMREELQMKTSYDKVIF,CSAMGQGALWETQYF,ASGNHAAGILTM,DQB1_0602,DQA1_0102,1
CAVIYSSASKIIF,CASSESKGWAGELFF,ASGNHAAGILTM,DQB1_0602,DQA1_0102,1
CALSEERGSTLGRLYF,CASSQEGLSPDSPLHF,ASGNHAAGILTM,DQB1_0602,DQA1_0102,1
CAFMKRANSKLTF,CASRDGGPVTDTQYF,ASGNHAAGILTM,DQB1_0602,DQA1_0102,1
CAVEDDSNNARLMF,CASSPPGTSGRLNEQFF,ASGNHAAGILTM,DQB1_0602,DQA1_0102,1
CAGNSGGSNYKLTF,CASTPPGQSIYGYTF,ASGNHAAGILTM,DQB1_0602,DQA1_0102,1
CAEQGSSASKIIF,CASTDIGHGYTF,ASGNHAAGILTM,DQB1_0602,DQA1_0102,1
CVVSLFGNQFYF,CASSLGALRSEAFF,ASGNHAAGILTM,DQB1_0602,DQA1_0102,1
CVVNNARLMF,CASSYQVTSGANVLTF,ASGNHAAGILTM,DQB1_0602,DQA1_0102,1
CAVSALTGTASKLTF,CASSLAGRSQYF,ASGNHAAGILTM,DQB1_0602,DQA1_0102,1
CAMSELGNTPLVF,CAWRQLNYGYTF,ASGNHAAGILTM,DQB1_0602,DQA1_0102,1
CALSEAYTGNQFYF,CASSHAGNQPQHF,ASGNHAAGILTM,DQB1_0602,DQA1_0102,1
CAVVKAAGNKLTF,CASSNVQGKEQYF,ASGNHAAGILTM,DQB1_0602,DQA1_0102,1
CAESMRGSARQLTF,CASSSRDERNEKLFF,ASGNHAAGILTM,DQB1_0602,DQA1_0102,1
CALSGGSNYKLTF,CASSVGQWSGELFF,ASGNHAAGILTM,DQB1_0602,DQA1_0102,1
CAVRPQTGANNLFF,CSASASEQYF,ASGNHAAGILTM,DQB1_0602,DQA1_0102,1
CALSEAPSEGGGNKLTF,CASSIRKYVEQYF,ASGNHAAGILTM,DQB1_0602,DQA1_0102,1
CIPPTNNYGQNFVF,CASSEEIVFSPLHF,ASGNHAAGILTM,DQB1_0602,DQA1_0102,1
CAALSGGSYIPTF,CASRGQGQNYGYTF,ASGNHAAGILTM,DQB1_0602,DQA1_0102,1
CAVIPSGGYQKVTF,CASSFQGSGNTIYF,ASGNHAAGILTM,DQB1_0602,DQA1_0102,1
CAVGGLYNFNKFYF,CASSLLARETQYF,ASGNHAAGILTM,DQB1_0602,DQA1_0102,1
CAVCPLLSGGSNYKLTF,CASSFSTGHRDTQYF,ASGNHAAGILTM,DQB1_0602,DQA1_0102,1
CAFNDYGQNFVF,CASSPALPGEGHYGYTF,ASGNHAAGILTM,DQB1_0602,DQA1_0102,1
CILRGQTGANNLFF,CSALVGGMNTEAFF,ASGNHAAGILTM,DQB1_0602,DQA1_0102,1
CALINTGTASKLTF,CASSLAPGQDTDTQYF,ASGNHAAGILTM,DQB1_0602,DQA1_0102,1
CAMSARNYGGATNKLIF,CATSRNLGTSGEQFF,ASGNHAAGILTM,DQB1_0602,DQA1_0102,1
CAVRRMDSSYKLIF,CASSGTSGTTSTDTQYF,ASGNHAAGILTM,DQB1_0602,DQA1_0102,1
CAVVGVTNAGKSTF,CASSPGRAGDSYGYTF,ASGNHAAGILTM,DQB1_0602,DQA1_0102,1
CVVSDNNNDMRF,CAISEPIGTGVYNEQFF,ASGNHAAGILTM,DQB1_0602,DQA1_0102,1
CAYYGYGQNFVF,CASSLYVEGETQYF,ASGNHAAGILTM,DQB1_0602,DQA1_0102,1
CAEKDTGGFKTIF,CASSTQGSTEAFF,ASGNHAAGILTM,DQB1_0602,DQA1_0102,1
CVVNRGSNYKLTF,CASSLGWETQYF,ASGNHAAGILTM,DQB1_0602,DQA1_0102,1
CAASLSSSASKIIF,CASSPPGGAGYGYTF,ASGNHAAGILTM,DQB1_0602,DQA1_0102,1
CAASRGTSYGKLTF,CASGLGAYEQYF,ASGNHAAGILTM,DQB1_0602,DQA1_0102,1
CAPLPTGFQKLVF,CASSYSKQGHNNSPLHF,ASGNHAAGILTM,DQB1_0602,DQA1_0102,1
CAMIGAAGNKLTF,CATKAGAFTDTQYF,ASGNHAAGILTM,DQB1_0602,DQA1_0102,1
CAFMKKGGSYIPTF,CASSSRTSVTYEQYF,ASGNHAAGILTM,DQB1_0602,DQA1_0102,1
CAMSASYGQNFVF,CASSLRRTSGTNTGELFF,ASGNHAAGILTM,DQB1_0602,DQA1_0102,1
CLVGAGGGADGLTF,CASSIKTGGASGANVLTF,ASGNHAAGILTM,DQB1_0602,DQA1_0102,1
CAASGANNLFF,CASSYSMPSGANVLTF,ASGNHAAGILTM,DQB1_0602,DQA1_0102,1
CALSEYSTNAGKSTF,CASSPGTDPSGANVLTF,ASGNHAAGILTM,DQB1_0602,DQA1_0102,1
CAVGEAAGNKLTF,CAWSSVRATNEKLFF,ASGNHAAGILTM,DQB1_0602,DQA1_0102,1
CAVIPPGNQFYF,CASSLELAGPREQFF,ASGNHAAGILTM,DQB1_0602,DQA1_0102,1
CILHRQGAQKLVF,CASSLVLGQGAVGYTF,ASGNHAAGILTM,DQB1_0602,DQA1_0102,1
CAYRSAQYGNKLVF,CASRRTGSTQFF,ASGNHAAGILTM,DQB1_0602,DQA1_0102,1
CAVNVYNQGGKLIF,CASCKRTGDGSTEAFF,ASGNHAAGILTM,DQB1_0602,DQA1_0102,1
CVSHGEGAQKLVF,CASSRGGRAGYEQYF,ASGNHAAGILTM,DQB1_0602,DQA1_0102,1
CAVVGNARLMF,CASTEGGSPYNEQFF,ASGNHAAGILTM,DQB1_0602,DQA1_0102,1
CAFMKQVPAQGGSEKLVF,CASSGQRDKPNTDTQYF,ASGNHAAGILTM,DQB1_0602,DQA1_0102,1
CAVKTDSWGKFQF,CASSFTGGDYGYTF,ASGNHAAGILTM,DQB1_0602,DQA1_0102,1
CILKRTDKLIF,CSARDLNTGLQETQYF,ASGNHAAGILTM,DQB1_0602,DQA1_0102,1
CAVRSIEGGGADGLTF,CAAGRMGKGYTF,ASGNHAAGILTM,DQB1_0602,DQA1_0102,1
CATASGTYKYIF,CATSSDSTGWYEQYF,ASGNHAAGILTM,DQB1_0602,DQA1_0102,1
CAYRTYNQGGKLIF,CASSPGTAQGNTIYF,ASGNHAAGILTM,DQB1_0602,DQA1_0102,1
CLVGTINTGTASKLTF,CSASRDRVLVGGNEKLFF,ASGNHAAGILTM,DQB1_0602,DQA1_0102,1
CAVDLETTAGKLIF,CASSPDRVAGYTF,ASGNHAAGILTM,DQB1_0602,DQA1_0102,1
CALVTGGSYIPTF,CASSLPMGPLHF,ASGNHAAGILTM,DQB1_0602,DQA1_0102,1
CAAHTGTASKLTF,CASSWAPQRGETQYF,ASGNHAAGILTM,DQB1_0602,DQA1_0102,1
CAVRDGNTGFQKLVF,CASSFPAGGQYF,ASGNHAAGILTM,DQB1_0602,DQA1_0102,1
CAVSDPDTGNQFYF,CASSQDHYGYTF,ASGNHAAGILTM,DQB1_0602,DQA1_0102,1
CIVRFYSGNTPLVF,CSAKGLTNQPQHF,ASGNHAAGILTM,DQB1_0602,DQA1_0102,1
CVVSASGGNEKLTF,CASSLVGAVGGYTF,ASGNHAAGILTM,DQB1_0602,DQA1_0102,1
CAYRSLTGNQFYF,CSARGGAPNTEAFF,ASGNHAAGILTM,DQB1_0602,DQA1_0102,1
CAAWDAGKSTF,CASSLAETGGSQYF,ASGNHAAGILTM,DQB1_0602,DQA1_0102,1
CAVCNQAGTALIF,CSAISGRSDTQYF,ASGNHAAGILTM,DQB1_0602,DQA1_0102,1
CAVRQTGGFKTIF,CASSLGGTHGELFF,ASGNHAAGILTM,DQB1_0602,DQA1_0102,1
CAFSSGNNAGNMLTF,CASSTRPAEQYF,ASGNHAAGILTM,DQB1_0602,DQA1_0102,1
CIVIGMNSGYSTLTF,CATSDIHLAGPNTQYF,ASGNHAAGILTM,DQB1_0602,DQA1_0102,1
CVVSINNARLMF,CATSDPPRTGELFF,ASGNHAAGILTM,DQB1_0602,DQA1_0102,1
CAASIGTGRRALTF,CASSQSDRAGYTF,ASGNHAAGILTM,DQB1_0602,DQA1_0102,1
CAVEASGTYKYIF,CASRRQGADGYTF,ASGNHAAGILTM,DQB1_0602,DQA1_0102,1
CATALGYKLSF,CASSKWTSGSSGEQFF,ASGNHAAGILTM,DQB1_0602,DQA1_0102,1
CALRLSGNTGKLIF,CASRYTGTQVAGELFF,ASGNHAAGILTM,DQB1_0602,DQA1_0102,1
CAMSAKSGGSNYKLTF,CASSLGTGEQYF,ASGNHAAGILTM,DQB1_0602,DQA1_0102,1
CIVRVEGSQGNLIF,CASSRDPASTDTQYF,ASGNHAAGILTM,DQB1_0602,DQA1_0102,1
CIVSPRRTGTASKLTF,CASSVDSSAGWNEQYF,ASGNHAAGILTM,DQB1_0602,DQA1_0102,1
CVVNRGEYGNKLVF,CASSRGGAWETQYF,ASGNHAAGILTM,DQB1_0602,DQA1_0102,1
CIVSPPSGGYQKVTF,CSARDDSGGAWEETQYF,ASGNHAAGILTM,DQB1_0602,DQA1_0102,1
CAVSGNTGFQKLVF,CASSRGLAQLQETQYF,ASGNHAAGILTM,DQB1_0602,DQA1_0102,1
CAVSEPDKLIF,CASSFKETQYF,ASGNHAAGILTM,DQB1_0602,DQA1_0102,1
CALEPNAGKSTF,CAWSSGTGGNQPQHF,ASGNHAAGILTM,DQB1_0602,DQA1_0102,1
CAYRSAWSGNTPLVF,CASSSLDGDFSGNTIYF,ASGNHAAGILTM,DQB1_0602,DQA1_0102,1
CAVEDGGGFKTIF,CASSLFHTIYGYTF,ASGNHAAGILTM,DQB1_0602,DQA1_0102,1
CALSEDENRDDKIIF,CASSQSRVSSPLHF,ERNAGSGIIISDT,DQA1_0102,DQB1_0602,1
CAVNKGSNYGQNFVF,CSAATGTGETFYNQPQHF,ERNAGSGIIISDT,DQA1_0102,DQB1_0602,1
CAVTSPPIQGAQKLVF,CASSQGNGPYNEQFF,ERNAGSGIIISDT,DQA1_0102,DQB1_0602,1
CAVHHTNTGNQFYF,CASSRGTGGKETQYF,ERNAGSGIIISDT,DQA1_0102,DQB1_0602,1
CTQSSASKIIF,CASSQASGGLGETQYF,ERNAGSGIIISDT,DQA1_0102,DQB1_0602,1
CAMILSGGSYIPTF,CSAPKNTEAFF,ERNAGSGIIISDT,DQA1_0102,DQB1_0602,1
CAGSYFGGKLIF,CSASVPGASQPQHF,ERQNATEIR,DQA1_0102,DQB1_0602,1
CAVSAYNTDKLIF,CASSHSADTQYF,ERQNATEIR,DQA1_0102,DQB1_0602,1
CAVGSGQAGTALIF,CASSQDWTENYGYTF,ERQNATEIR,DQA1_0102,DQB1_0602,1
CVVSVGNNARLMF,CASSDGTDGGQPQHF,ERQNATEIR,DQA1_0102,DQB1_0602,1
CAVRVYNQGGKLIF,CASSFFDSSTEAFF,ERQNATEIR,DQA1_0102,DQB1_0602,1
CAVNWLNQFYF,CASSQEGSHTNTQYF,ERQNATEIR,DQA1_0102,DQB1_0602,1
CAAIRPRPEEGNTGKLIF,CASSGIPGNDNSPLHF,ERQNATEIR,DQA1_0102,DQB1_0602,1
CAVNYLGARLMF,CASSLAGGGSEVQYF,ERQNATEIR,DQA1_0102,DQB1_0602,1
CAGTPYSGGGADGLTF,CASSEWGTNYGYTF,ERQNATEIR,DQA1_0102,DQB1_0602,1
CAVNYLGRSLRF,CASTIPGNTGELFF,ERQNATEIR,DQA1_0102,DQB1_0602,1
CAVILYNTDKLIF,CASSHNYEQYF,ERQNATEIR,DQA1_0102,DQB1_0602,1
CAVDRYGNKLVF,CASSQGGAGGLGTDTQYF,ERQNATEIR,DQA1_0102,DQB1_0602,1
CAVGGLGSNSGYALNF,CASSYSTGGSTRAFF,ERQNATEIR,DQA1_0102,DQB1_0602,1
CAVAGTGANNLFF,CASSERGEAADTQYF,ERQNATEIR,DQA1_0102,DQB1_0602,1
CAYRSPIFGNEKLTF,CSPLLQGVSTEAFF,ERQNATEIR,DQA1_0102,DQB1_0602,1
CATRGGADGLTF,CASSQPGRSYEQYF,ERQNATEIR,DQA1_0102,DQB1_0602,1
CAVKAGGFKTIF,CASSTGIDSNQPQHF,ERQNATEIR,DQA1_0102,DQB1_0602,1
CAVGGGFKTIF,CASSFGQGTDTQYF,ERQNATEIR,DQA1_0102,DQB1_0602,1
CAVLNTDKLIF,CASSGEGTGFGNNEQFF,ERQNATEIR,DQA1_0102,DQB1_0602,1
CAGLNTGTASKLTF,CASSYGATYEQYF,ERQNATEIR,DQA1_0102,DQB1_0602,1
CAVYSGYALNF,CASSEWGSVNEKLFF,ERQNATEIR,DQA1_0102,DQB1_0602,1
CAVRDPYGGSQGNLIF,CASSPEYSYGYTF,ERQNATEIR,DQA1_0102,DQB1_0602,1
CGARRGGGYNKLIF,CASSVAGRGQHTDTQYF,ERQNATEIR,DQA1_0102,DQB1_0602,1
CVVNLNDYKLSF,CASSPDRAYGYTF,ERQNATEIR,DQA1_0102,DQB1_0602,1
CAASSHYGNNRLAF,CASSFGQGSDTQYF,ERQNATEIR,DQA1_0102,DQB1_0602,1
CAVTGGFKTIF,CASEAGQGSHGYTF,ERQNATEIR,DQA1_0102,DQB1_0602,1
CAVNYLGSNYKLTF,CASSLGTAGNSPLHF,ERQNATEIR,DQA1_0102,DQB1_0602,1
CATKYYGQNFVF,CASSVGTDSNQPQHF,ERQNATEIR,DQA1_0102,DQB1_0602,1
CAFPTSGGGADGLTF,CASSGWDSSNEQFF,ERQNATEIR,DQA1_0102,DQB1_0602,1
CADRYQGGSEKLVF,CASSQGRGNYGYTF,ERQNATEIR,DQA1_0102,DQB1_0602,1
CAASNRDYKLSF,CSARGLTGTQGEKLFF,ERQNATEIR,DQA1_0102,DQB1_0602,1
CAGHLYINDMRF,CASSDVLSPYGYTF,ERQNATEIR,DQA1_0102,DQB1_0602,1
CAIRSGNQFYF,CSARGLHSDTQYF,ERQNATEIR,DQA1_0102,DQB1_0602,1
CAVSLYNTDKLIF,CASSHSVDEQYF,ERQNATEIR,DQA1_0102,DQB1_0602,1
CAVGYLGQFYF,CASSYSPSGANVLTF,ERQNATEIR,DQA1_0102,DQB1_0602,1
CAVKRLGKSTF,CASSQGQGADTQYF,ERQNATEIR,DQA1_0102,DQB1_0602,1
CAERPQAGTALIF,CASSFDSSNQPQHF,ERQNATEIR,DQA1_0102,DQB1_0602,1
CAVPYNQGGKLIF,CASSSGLTVAKNIQYF,ERQNATEIR,DQA1_0102,DQB1_0602,1
CAVVYLGGKLTF,CASSQGGTDTQYF,ERQNATEIR,DQA1_0102,DQB1_0602,1
CAVGRLGDMRF,CASSYSPTGGGEQYF,ERQNATEIR,DQA1_0102,DQB1_0602,1
CALSGRVRGNNNDMRF,CASSSILAGISYEQYF,ERQNATEIR,DQA1_0102,DQB1_0602,1
CAVTEGAGGGADGLTF,CAISEGQSYGYTF,ERQNATEIR,DQA1_0102,DQB1_0602,1
CAVSVYNTDKLIF,CASSHSRDTIYF,ERQNATEIR,DQA1_0102,DQB1_0602,1
CAMSATEDMRF,CASSAAFSNSPLHF,ERQNATEIR,DQA1_0102,DQB1_0602,1
CAVGYLGKLSF,CSARARQGNEKLFF,ERQNATEIR,DQA1_0102,DQB1_0602,1
CAVSQSSGDKLTF,CASSTTRNTGELFF,ERQNATEIR,DQA1_0102,DQB1_0602,1
CAVSDQPGGGNKLTF,CASSQDAHTSSPLHF,ERQNATEIR,DQA1_0102,DQB1_0602,1
CAESTGSARQLTF,CSAPGQGPEQYF,ERQNATEIR,DQA1_0102,DQB1_0602,1
CVVSAMFAGNMLTF,CASSRGGASYEQYF,ERQNATEIR,DQA1_0102,DQB1_0602,1
CAASAGSGGGADGLTF,CASSYSTSRGRGGYTF,ERQNATEIR,DQA1_0102,DQB1_0602,1
CALNSGGYQKVTF,CASKPSAGEWNEQFF,ERQNATEIR,DQA1_0102,DQB1_0602,1
CAMRGISGGYQKVTF,CASSYRQGGGYTF,ERQNATEIR,DQA1_0102,DQB1_0602,1
CAVPRSGNTGKLIF,CSARALDTDSPLHF,ERQNATEIR,DQA1_0102,DQB1_0602,1
CALSGNFGNEKLTF,CSASNGPNYEQYF,ERQNATEIR,DQA1_0102,DQB1_0602,1
CAGRGGGADGLTF,CSARIAGTYEQYF,ERQNATEIR,DQA1_0102,DQB1_0602,1
CAASIPQNAGNMLTF,CASSYGAGSGEQYF,ERQNATEIR,DQA1_0102,DQB1_0602,1
CAVNVHFARLMF,CASSPTGVSYEQYF,ERQNATEIR,DQA1_0102,DQB1_0602,1
CAFQAPFGNEKLTF,CASSLIGGPNDEQYF,ERQNATEIR,DQA1_0102,DQB1_0602,1
CAMRPGGNTPLVF,CASSVAQGNYEQYF,ERQNATEIR,DQA1_0102,DQB1_0602,1
CAVDPNNARLMF,CASSRRGPQETQYF,ERQNATEIR,DQA1_0102,DQB1_0602,1
CAVRGDDKIIF,CASRRAGGQNQPQHF,ERQNATEIR,DQA1_0102,DQB1_0602,1
CAMTVSGSARQLTF,CASSYADSSPGGGYTF,ERQNATEIR,DQA1_0102,DQB1_0602,1
CALSESGGSNYKLTF,CASSFSGGASDTQYF,ERQNATEIR,DQA1_0102,DQB1_0602,1
CAAKTPDKIIF,CASSLRGGFNNEQFF,ERQNATEIR,DQA1_0102,DQB1_0602,1
CAGERDDKIIF,CASSLRLGRAETQYF,ERQNATEIR,DQA1_0102,DQB1_0602,1
CAERGPLGFQKLVF,CASSLSADNEQFF,ERQNATEIR,DQA1_0102,DQB1_0602,1
CAMREITGTASKLTF,CASSTPGQGTYEQYF,ERQNATEIR,DQA1_0102,DQB1_0602,1
CVVNLGPNTGTASKLTF,CASSPTSGSIADTQYF,ERQNATEIR,DQA1_0102,DQB1_0602,1
CILRASGNTPLVF,CASSLTGFSEQFF,ERQNATEIR,DQA1_0102,DQB1_0602,1
CALMGSSSASKIIF,CASSEVRRLTGANVLTF,ERQNATEIR,DQA1_0102,DQB1_0602,1
CAMSVRAAGNKLTF,CSARLVGDYNEQFF,ERQNATEIR,DQA1_0102,DQB1_0602,1
CALNLGEDQFYF,CASSFESRETQYF,ERQNATEIR,DQA1_0102,DQB1_0602,1
CTLVNEGSWGKLQF,CSARAGTLNFDEQFF,ERQNATEIR,DQA1_0102,DQB1_0602,1
CSDRGRGSTLGRLYF,CSARDLGLDTGELFF,ERQNATEIR,DQA1_0102,DQB1_0602,1
CAHFGQGGSEKLVF,CASSLDSNEQFF,ERQNATEIR,DQA1_0102,DQB1_0602,1
CALSEVILTGGGNKLTF,CASSLRSEGSSYEQYF,ERQNATEIR,DQA1_0102,DQB1_0602,1
CAVRRSSTGTASKLTF,CATKRERTDEQFF,ERQNATEIR,DQA1_0102,DQB1_0602,1
CILSAYGGGGADGLTF,CASSLLAGGNNEQFF,ERQNATEIR,DQA1_0102,DQB1_0602,1
CALSPTGGGNKLTF,CASSRQVVGEQFF,ERQNATEIR,DQA1_0102,DQB1_0602,1
CAPALGGAGSYQLTF,CASSLVAGGEQFF,ERQNATEIR,DQA1_0102,DQB1_0602,1
CGRGGATNKLIF,CASSLARVLDRNEQFF,ERQNATEIR,DQA1_0102,DQB1_0602,1
CAASNGEGTYKYIF,CSARSPGTGDYGYTF,ERQNATEIR,DQA1_0102,DQB1_0602,1
CAASLTVGNQFYF,CASSLVYRDTDTQYF,ERQNATEIR,DQA1_0102,DQB1_0602,1
CIVRVDNAGNMLTF,CSVPSGGAETQYF,ERQNATEIR,DQA1_0102,DQB1_0602,1
CALISGGSNYKLTF,CASGPRSGSYNEQFF,ERQNATEIR,DQA1_0102,DQB1_0602,1
CAASVGTGFQKLVF,CAWSVRGDTQYF,ERQNATEIR,DQA1_0102,DQB1_0602,1
CAERGSQAGTALIF,CASSAKSVNTEAFF,ERQNATEIR,DQA1_0102,DQB1_0602,1
CATGSGAGSYQLTF,CASSWGAGSNQPQHF,ERQNATEIR,DQA1_0102,DQB1_0602,1
CAAGSFQKLVF,CASSVGIYEQYF,ERQNATEIR,DQA1_0102,DQB1_0602,1
CVVKVSSGGSNYKLTF,CATSPAAPPDTQYF,ERQNATEIR,DQA1_0102,DQB1_0602,1
CALIAGSARQLTF,CASRPQGGLNYGYTF,ERQNATEIR,DQA1_0102,DQB1_0602,1
CVVNKRGSYIPTF,CASSLRRTEDEKLFF,ERQNATEIR,DQA1_0102,DQB1_0602,1
CVVDSGGGADGLTF,CASSLSRSGEQFF,ERQNATEIR,DQA1_0102,DQB1_0602,1
CIVRVENDYKLSF,CASSQRTSGRVNNEQFF,ERQNATEIR,DQA1_0102,DQB1_0602,1
CIVRANQAGTALIF,CASSPSNMGYTF,ERQNATEIR,DQA1_0102,DQB1_0602,1
CIVREGTGRRALTF,CASSSLPRTGMSYTF,ERQNATEIR,DQA1_0102,DQB1_0602,1
CAVTSSGNTPLVF,CASTTGLHTDTQYF,ERQNATEIR,DQA1_0102,DQB1_0602,1
CAASIPGGGADGLTF,CAIRPDRGRETQYF,ERQNATEIR,DQA1_0102,DQB1_0602,1
CAYSAQGGSEKLVF,CSVEGLAGPSSYNEQFF,ERQNATEIR,DQA1_0102,DQB1_0602,1
CALKNSNSGYALNF,CSVTTGTLSYEQYF,ERQNATEIR,DQA1_0102,DQB1_0602,1
CGANPYLKAAGNKLTF,CASSTKGGISRYEQYF,ERQNATEIR,DQA1_0102,DQB1_0602,1
CAVTSYNTDKLIF,CSAPEAGLVNIQYF,ERQNATEIR,DQA1_0102,DQB1_0602,1
CAATYYGQNFVF,CSASPLGRGTEAFF,ERQNATEIR,DQA1_0102,DQB1_0602,1
CAAGWTDKLIF,CSANGGRSGNEQFF,ERQNATEIR,DQA1_0102,DQB1_0602,1
CAAAYLGKSTF,CASGHSAGGSGNNEQFF,ERQNATEIR,DQA1_0102,DQB1_0602,1
CAVTGFGNEKLTF,CASSLETGLNYEQYF,ERQNATEIR,DQA1_0102,DQB1_0602,1
CAFMKLYFGNEKLTF,CSAHRQGFGNTIYF,ERQNATEIR,DQA1_0102,DQB1_0602,1
CAMRERDSSYKLIF,CASSQGGSNGYTF,ERQNATEIR,DQA1_0102,DQB1_0602,1
CIVIRSSNTGKLIF,CASSLQSTGRHF,ERQNATEIR,DQA1_0102,DQB1_0602,1
CAVGVYGQNFVF,CSAYPQGASNYGYTF,ERQNATEIR,DQA1_0102,DQB1_0602,1
CAVTYLGGKLIF,CSARTLAGGGNEQFF,ERQNATEIR,DQA1_0102,DQB1_0602,1
CAVPLSGNTGKLIF,CSARPMDTDSPLHF,ERQNATEIR,DQA1_0102,DQB1_0602,1
CAGQGMLGDKIIF,CASSLSGSNTGELFF,ERQNATEIR,DQA1_0102,DQB1_0602,1
CAVAVGFQKLVF,CSASGTQNQPQHF,ERQNATEIR,DQA1_0102,DQB1_0602,1
CATAHRPTGTASKLTF,CSARGVTSGSNEQFF,ERQNATEIR,DQA1_0102,DQB1_0602,1
CAVVNTGKLIF,CASSLTEGGETDTQYF,ERQNATEIR,DQA1_0102,DQB1_0602,1
CAGLLFNDMRF,CAIMGDYTDTQYF,ERQNATEIR,DQA1_0102,DQB1_0602,1
CAVSYLGKSTF,CASSQGQTDTQYF,ERQNATEIR,DQA1_0102,DQB1_0602,1
CAALNTGKLIF,CSARGLREEVHQPQHF,ERQNATEIR,DQA1_0102,DQB1_0602,1
CAVNKEGGKLIF,CASSFGKDYGYTF,ERQNATEIR,DQA1_0102,DQB1_0602,1
CAVDRFDNYGQNFVF,CASSRLGTSGSTDTQYF,ERQNATEIR,DQA1_0102,DQB1_0602,1
CAGRGLTGGGNKLTF,CATRGQLNTGELFF,ERQNATEIR,DQA1_0102,DQB1_0602,1
CAVNKSPIVRKLIF,CASSVGGGDSPLHF,ERQNATEIR,DQA1_0102,DQB1_0602,1
CILKGTGANNLFF,CASSQEIGISPRRAFF,ERQNATEIR,DQA1_0102,DQB1_0602,1
CAMREASYNYGQNFVF,CASRLLLQGMGTEAFF,ERQNATEIR,DQA1_0102,DQB1_0602,1
CALSEARVGFQKLVF,CASRSTGRTGNTIYF,ERQNATEIR,DQA1_0102,DQB1_0602,1
CIVDTGRRALTF,CSAQEVLNSGSSGGEQFF,ERQNATEIR,DQA1_0102,DQB1_0602,1
CALQRSFQKLVF,CASSPMLQGASYEQYF,ERQNATEIR,DQA1_0102,DQB1_0602,1
CAATYLGARLMF,CATSVGLAGDEYF,ERQNATEIR,DQA1_0102,DQB1_0602,1
CAVSPGFKTIF,CASSEGQGTDTQYF,ERQNATEIR,DQA1_0102,DQB1_0602,1
CIVRGNLQTGANNLFF,CASSPHRGLNEQYF,ERQNATEIR,DQA1_0102,DQB1_0602,1
CAVKYLGKSTF,CSASPGGGTEAFF,ERQNATEIR,DQA1_0102,DQB1_0602,1
CAVKYLGQNFVF,CASSDRASGGLNEQFF,ERQNATEIR,DQA1_0102,DQB1_0602,1
CAYRGSGGGADGLTF,CSARFSFNYGYTF,ERQNATEIR,DQA1_0102,DQB1_0602,1
CAVAGGFKTIF,CASGAGQGSDTQYF,ERQNATEIR,DQA1_0102,DQB1_0602,1
CAVSQYNTDKLIF,CASESLGASYNEQFF,ERQNATEIR,DQA1_0102,DQB1_0602,1
CAASRSLPGSTLTF,CSAFGQMNTEAFF,ERQNATEIR,DQA1_0102,DQB1_0602,1
CVVSPTGYSTLTF,CASSRGTQASEKLFF,ERQNATEIR,DQA1_0102,DQB1_0602,1
CAMSGGSWGKLQF,CSVDGGTGGYTF,ERQNATEIR,DQA1_0102,DQB1_0602,1
CAVSLYNNNDMRF,CASSQGAKREPGELFF,GTRVIRDMTLHSAPS,DQA1_0102,DQB1_0602,1
CAVEDSSYKLIF,CSAGSGRAYEQYF,GTRVIRDMTLHSAPS,DQA1_0102,DQB1_0602,1
CAVQGTDSSYKLIF,CSAPDLYNEQFF,GTRVIRDMTLHSAPS,DQA1_0102,DQB1_0602,1
CAVENNNDMRF,CASSLGPRTPKGQYF,GTRVIRDMTLHSAPS,DQA1_0102,DQB1_0602,1
CAVLNRDDKIIF,CASSLRGLNYGYTF,GTRVIRDMTLHSAPS,DQA1_0102,DQB1_0602,1
CALAEGNTPLVF,CACRRPYEQYF,GTRVIRDMTLHSAPS,DQA1_0102,DQB1_0602,1
CAGAGNAGNMLTF,CAISGQFQNTGELFF,GTRVIRDMTLHSAPS,DQA1_0102,DQB1_0602,1
CLLVTTTSGTYKYIF,CASRGSGRTSTDTQYF,GTRVIRDMTLHSAPS,DQA1_0102,DQB1_0602,1
CAVFSGNTPLVF,CASRGTPTQPQHF,GTRVIRDMTLHSAPS,DQA1_0102,DQB1_0602,1
CALTPQGGYNKLIF,CASRYLANQYNEQFF,GTRVIRDMTLHSAPS,DQA1_0102,DQB1_0602,1
CAVQNQAGTALIF,CASSASQGLGGYGYTF,GTRVIRDMTLHSAPS,DQA1_0102,DQB1_0602,1
CATDEWGAQKLVF,CASSEVFRGLYGYTF,GTRVIRDMTLHSAPS,DQA1_0102,DQB1_0602,1
CVPPPRQLTF,CASSFLGESAQETQYF,GTRVIRDMTLHSAPS,DQA1_0102,DQB1_0602,1
CAASGSSNTGKLIF,CASSIRGNTEAFF,GTRVIRDMTLHSAPS,DQA1_0102,DQB1_0602,1
CAMKSSSASKIIF,CASSLEGTGELFF,GTRVIRDMTLHSAPS,DQA1_0102,DQB1_0602,1
CAANNNAGNMLTF,CASSLGPGRVNEKLFF,GTRVIRDMTLHSAPS,DQA1_0102,DQB1_0602,1
CAESIAMNTGFQKLVF,CASSLTRLAGGELFF,GTRVIRDMTLHSAPS,DQA1_0102,DQB1_0602,1
CARPANSGNTPLVF,CASSNNYGYTF,GTRVIRDMTLHSAPS,DQA1_0102,DQB1_0602,1
CAASSMTDSWGKLQF,CASSPNGDRDYEQYF,GTRVIRDMTLHSAPS,DQA1_0102,DQB1_0602,1
CAASDQAGTALIF,CASSQDVRQGGYGYTF,GTRVIRDMTLHSAPS,DQA1_0102,DQB1_0602,1
CVVNIENAGNMLTF,CASSRGRVGESSYEQYF,GTRVIRDMTLHSAPS,DQA1_0102,DQB1_0602,1
CAMSFAGSARQLTF,CATSDPSGGASNEQFF,GTRVIRDMTLHSAPS,DQA1_0102,DQB1_0602,1
CAVDTSYNNNDMRF,CATSRDLRSSSTDTQYF,GTRVIRDMTLHSAPS,DQA1_0102,DQB1_0602,1
CALSDHDTGGFKTIF,CATSTGEGGPGNTIYF,GTRVIRDMTLHSAPS,DQA1_0102,DQB1_0602,1
CVVNIGGTSYGKLTF,CSAGGRGRPGSYNEQFF,GTRVIRDMTLHSAPS,DQA1_0102,DQB1_0602,1
CAATGANNLFF,CSASGTGDNQPQHF,GTRVIRDMTLHSAPS,DQA1_0102,DQB1_0602,1
CATDADNTGNQFYF,CSASYGSSYNSPLHF,GTRVIRDMTLHSAPS,DQA1_0102,DQB1_0602,1
CAVEEGGGADGLTF,CASRGGASTDTQYF,GTRVIRDMTLHSAPS,DQA1_0102,DQB1_0602,1
CALSEGGAQKLVF,CASSLNRGEQFF,GTRVIRDMTLHSAPS,DQA1_0102,DQB1_0602,1
CAGQLSGNEKLTF,CASSLSAREANEQYF,GTRVIRDMTLHSAPS,DQA1_0102,DQB1_0602,1
CAPEWGGSQGNLIF,CASSQDVRGQPQHF,GTRVIRDMTLHSAPS,DQA1_0102,DQB1_0602,1
CAVSPTGANSKLTF,CSANRGPYEQYF,HGAGNHAAGILTL,DQB1_0602,DQA1_0102,1
CVVSPLGGKLIF,CASSWHRDRGRDEQFF,HGAGNHAAGILTL,DQB1_0602,DQA1_0102,1
CAVSDSGGFKTIF,CASSFQGQSYEQYF,HGAGNHAAGILTL,DQB1_0602,DQA1_0102,1
CAMSEGSGYSTLTF,CASSLSTDTQYF,HGAGNHAAGILTL,DQB1_0602,DQA1_0102,1
CAGGRAGTYKYIF,CASSLDRPTGTEAFF,HGAGNHAAGILTL,DQB1_0602,DQA1_0102,1
CAVWGSQGNLIF,CSARVTSGSRETQYF,HGAGNHAAGILTL,DQB1_0602,DQA1_0102,1
CAGGGIETSGSRLTF,CASTLPGLGSPLHF,HGAGNHAAGILTL,DQB1_0602,DQA1_0102,1
CAASVVNFLETSGSRLTF,CASSLKDRGPATEAFF,HGAGNHAAGILTL,DQB1_0602,DQA1_0102,1
CAGRASYNNNDMRF,CASSPPGRSGNTIYF,HGAGNHAAGILTL,DQB1_0602,DQA1_0102,1
CIVRVAVYNFNKFYF,CASTDGGPQHF,HGAGNHAAGILTL,DQB1_0602,DQA1_0102,1
CAVFTNAGKSTF,CASSPPVDRGRHEQYF,HGAGNHAAGILTL,DQB1_0602,DQA1_0102,1
CATGRKSSGDKLTF,CSARTGSSYNEQFF,HGAGNHAAGILTL,DQB1_0602,DQA1_0102,1
CALSVLTSYGKLTF,CASSLLFTDTQYF,HGAGNHAAGILTL,DQB1_0602,DQA1_0102,1
CAVRPGNTPLVF,CASSPARYSNQPQHF,HGAGNHAAGILTL,DQB1_0602,DQA1_0102,1
CAFTPNRDDKIIF,CASSKLGGAGNEQFF,HGAGNHAAGILTL,DQB1_0602,DQA1_0102,1
CALSSRNFNKFYF,CASRGQPTNYGYTF,HGAGNHAAGILTL,DQB1_0602,DQA1_0102,1
CAVNAGRSGGYQKVTF,CASSPGLESYNEQFF,HGAGNHAAGILTL,DQB1_0602,DQA1_0102,1
CAVQARSWGKLQF,CASTGSYNSPLHF,HGAGNHAAGILTL,DQB1_0602,DQA1_0102,1
CAMTYGSGNTGKLIF,CASSLAQEALKYEQYF,HGAGNHAAGILTL,DQB1_0602,DQA1_0102,1
CAEKKTSYDKVIF,CASTRSGTVNEKLFF,HGAGNHAAGILTL,DQB1_0602,DQA1_0102,1
CAVGGSSNTGKLIF,CASSLAGGEAYEQYF,HGAGNHAAGILTL,DQB1_0602,DQA1_0102,1
CAVSETNFGNEKLTF,CASSGGPPTHEQYF,HGAGNHAAGILTL,DQB1_0602,DQA1_0102,1
CAVSDPGGATNKLIF,CASSWGKGNQPQHF,HGAGNHAAGILTL,DQB1_0602,DQA1_0102,1
CAVESGGYNKLIF,CAISEGGGPSSYEQYF,HGAGNHAAGILTL,DQB1_0602,DQA1_0102,1
CAFPNEAGNMLTF,CASSFLTAGAFF,HGAGNHAAGILTL,DQB1_0602,DQA1_0102,1
CAVREGGTGTASKLTF,CASSPPAPTHTF,HGAGNHAAGILTL,DQB1_0602,DQA1_0102,1
CAVEDPNSGYSTLTF,CASSIGDTQYF,HGAGNHAAGILTL,DQB1_0602,DQA1_0102,1
CAVVSGAGSYQLTF,CAWSLGLYGYTF,HGAGNHAAGILTL,DQB1_0602,DQA1_0102,1
CAPANQAGTALIF,CASSLKPNSYNEQFF,HGAGNHAAGILTL,DQB1_0602,DQA1_0102,1
CAGGDSSYKLIF,CAISRDRGSGNTIYF,HGAGNHAAGILTL,DQB1_0602,DQA1_0102,1
CAATPPGGYQKVTF,CATSRAETQYF,HGAGNHAAGILTL,DQB1_0602,DQA1_0102,1
CAVSVPDTGRRALTF,CASSPAPGTTNTGELFF,HGAGNHAAGILTL,DQB1_0602,DQA1_0102,1
CALSDQIQGAQKLVF,CASHFMNTEAFF,HGAGNHAAGILTL,DQB1_0602,DQA1_0102,1
CALSEETSGSRLTF,CASSITGASGNTIYF,HGAGNHAAGILTL,DQB1_0602,DQA1_0102,1
CILRDGVGNEKLTF,CSVPGTWNYNEQFF,HGAGNHAAGILTL,DQB1_0602,DQA1_0102,1
CARRDNYGQNFVF,CASSLSGLNTEAFF,HGAGNHAAGILTL,DQB1_0602,DQA1_0102,1
CAVRHSSGSARQLTF,CASSLGRLAELDTQYF,HGAGNHAAGILTL,DQB1_0602,DQA1_0102,1
CAVIPPISSGSARQLTF,CASSLGSQGRYEQYF,HGAGNHAAGILTL,DQB1_0602,DQA1_0102,1
CAVSEGQAGTALIF,CASKPTGDTGELFF,HGAGNHAAGILTL,DQB1_0602,DQA1_0102,1
CAANAGYSTLTF,CASSYGGPGSNQPQHF,HGAGNHAAGILTL,DQB1_0602,DQA1_0102,1
CAMSATGTASKLTF,CASSAGGRTQYF,HGAGNHAAGILTL,DQB1_0602,DQA1_0102,1
CAENTNTGNQFYF,CASSLTSYNEQFF,HGAGNHAAGILTL,DQB1_0602,DQA1_0102,1
CAENAGGTSYGKLTF,CSARAGYGTDTQYF,HGAGNHAAGILTL,DQB1_0602,DQA1_0102,1
CVVVRNTDKLIF,CSASLDRGDEQYF,HGAGNHAAGILTL,DQB1_0602,DQA1_0102,1
CIHLSPPNSGYALNF,CSVGQGITYEQYF,HGAGNHAAGILTL,DQB1_0602,DQA1_0102,1
CAVDSRYSTLTF,CASSVDTEAFF,HGAGNHAAGILTL,DQB1_0602,DQA1_0102,1
CAGKSGGSNYKLTF,CASSRLVQAWEVTEAFF,HGAGNHAAGILTL,DQB1_0602,DQA1_0102,1
CATDLGGSYIPTF,CASSERGTEAFF,HGAGNHAAGILTL,DQB1_0602,DQA1_0102,1
CAFYWPGNEKLTF,CASSEHDSSLHF,HGAGNHAAGILTL,DQB1_0602,DQA1_0102,1
CIVGYARLMF,CSASSGRRDTQYF,HGAGNHAAGILTL,DQB1_0602,DQA1_0102,1
CAYRRNTGNQFYF,CASSGLQGSSSPLHF,HGAGNHAAGILTL,DQB1_0602,DQA1_0102,1
CALSDTGAGGTSYGKLTF,CASSLSFESDGYTF,HGAGNHAAGILTL,DQB1_0602,DQA1_0102,1
CALSNNYGQNFVF,CASSVGAGGPQSTDTQYF,HGAGNHAAGILTL,DQB1_0602,DQA1_0102,1
CVVSGRGGADGLTF,CASSHPGLNTEAFF,HGAGNHAAGILTL,DQB1_0602,DQA1_0102,1
CAMRETGANNLFF,CASSRKTSGGTDTQYF,HGAGNHAAGILTL,DQB1_0602,DQA1_0102,1
CIAGRNSGNTPLVF,CASSDPRLAGGSYNEQFF,HGAGNHAAGILTL,DQB1_0602,DQA1_0102,1
CVVNVKPNTGFQKLVF,CASHPSGGVTDTQYF,HGAGNHAAGILTL,DQB1_0602,DQA1_0102,1
CAVERGYGQNFVF,CASRDGRNTEAFF,HGAGNHAAGILTL,DQB1_0602,DQA1_0102,1
CAVLSGSARQLTF,CASSLRGSIYEQYF,HGAGNHAAGILTL,DQB1_0602,DQA1_0102,1
CAGAGRNDKVIF,CSALIPGADTQYF,HGAGNHAAGILTL,DQB1_0602,DQA1_0102,1
CALSVRGGSEKLVF,CSATTLNRVSETQYF,HGAGNHAAGILTL,DQB1_0602,DQA1_0102,1
CAVGGAGYNTDKLIF,CASREGTTYEQYF,HGAGNHAAGILTL,DQB1_0602,DQA1_0102,1
CAYRSANFGNEKLTF,CASSLEPYNSPLHF,HGAGNHAAGILTL,DQB1_0602,DQA1_0102,1
CAMREGPDTGGFKTIF,CASLPGSHGNIQYF,HGAGNHAAGILTL,DQB1_0602,DQA1_0102,1
CAFLNQAGTALIF,CASSYSKYTEAFF,HGAGNHAAGILTL,DQB1_0602,DQA1_0102,1
CAENIGAGSYQLTF,CAWSVNSGNTIYF,HGAGNHAAGILTL,DQB1_0602,DQA1_0102,1
CAMSGPRDYKLSF,CASSGPRIEYGPNIQYF,HGAGNHAAGILTL,DQB1_0602,DQA1_0102,1
CAVFAGTASKLTF,CASSQGRGSYEQYF,HGAGNHAAGILTL,DQB1_0602,DQA1_0102,1
CAGADPYFGNEKLTF,CASSLGRPGTDTQYF,HGAGNHAAGILTL,DQB1_0602,DQA1_0102,1
CAFMGGGQGAQKLVF,CASSLLFPGRSQNGGYTF,HGAGNHAAGILTL,DQB1_0602,DQA1_0102,1
CATDLAGSARQLTF,CASSLDPYSYNEQFF,HGAGNHAAGILTL,DQB1_0602,DQA1_0102,1
CAVFNYGQNFVF,CASSEAGGPVEQFF,HGAGNHAAGILTL,DQB1_0602,DQA1_0102,1
CAMREGYNDYKLSF,CAWSAGGSGEQYF,HGAGNHAAGILTL,DQB1_0602,DQA1_0102,1
CVVSHSGGYQKVTF,CASSEYGNTEAFF,HGAGNHAAGILTL,DQB1_0602,DQA1_0102,1
CILRNPLNFGNEKLTF,CASSLTPGSSTDTQYF,HGAGNHAAGILTL,DQB1_0602,DQA1_0102,1
CAPIQGAQKLVF,CASSGRDRIGFTSPLHF,HGAGNHAAGILTL,DQB1_0602,DQA1_0102,1
CAVTWNNNARLMF,CASSLSISRDNGYTF,HGAGNHAAGILTL,DQB1_0602,DQA1_0102,1
CAERNTGGFKTIF,CASSRDLMSTEAFF,HGAGNHAAGILTL,DQB1_0602,DQA1_0102,1
CAPTDQAGTALIF,CASSLDGLNTGELFF,HGAGNHAAGILTL,DQB1_0602,DQA1_0102,1
CAESSTGTASKLTF,CASGLSISRDNGYTF,HGAGNHAAGILTL,DQB1_0602,DQA1_0102,1
CAVVKKSSGDKLTF,CASSLWAANTEAFF,HGAGNHAAGILTL,DQB1_0602,DQA1_0102,1
CAMRSYNTDKLIF,CASSRRRTSGSPYEQYF,HGAGNHAAGILTL,DQB1_0602,DQA1_0102,1
CALSDLNRDDKIIF,CSVDERGGGNEQFF,HGAGNHAAGILTL,DQB1_0602,DQA1_0102,1
CADISSNTGKLIF,CASSLTPGFSTDTQYF,HGAGNHAAGILTL,DQB1_0602,DQA1_0102,1
CAVRDRGAKAAGNKLTF,CASTDTATNEKLFF,HGAGNHAAGILTL,DQB1_0602,DQA1_0102,1
CALSGGLIQGAQKLVF,CSARDWGSTDTQYF,HGAGNHAAGILTL,DQB1_0602,DQA1_0102,1
CAIPNSGGSNYKLTF,CASRTGQGTYGYTF,HGAGNHAAGILTL,DQB1_0602,DQA1_0102,1
CAMISGGATNKLIF,CASSHEAGSRGADTQYF,HGAGNHAAGILTL,DQB1_0602,DQA1_0102,1
CVVRGPDARLMF,CSARGRHENTGELFF,HGAGNHAAGILTL,DQB1_0602,DQA1_0102,1
CAVSGISNAGKSTF,CASSPRGDSSNQPQHF,HGAGNHAAGILTL,DQB1_0602,DQA1_0102,1
CAVNTGANSKLTF,CASRVGPSATYEQYF,HGAGNHAAGILTL,DQB1_0602,DQA1_0102,1
CIVRVAISGNEKLTF,CASSLQGPDTQYF,HGAGNHAAGILTL,DQB1_0602,DQA1_0102,1
CAVGGAGSSYKLIF,CASSSWGTATNEKLFF,HGAGNHAAGILTL,DQB1_0602,DQA1_0102,1
CIVRVAMNSGGSNYKLTF,CASTPRGGTQYF,HGAGNHAAGILTL,DQB1_0602,DQA1_0102,1
CLVGDNNTDKLIF,CASSRTGFYGYTF,HGAGNHAAGILTL,DQB1_0602,DQA1_0102,1
CILRDGYSSASKIIF,CASSFGHLDQQFF,HGAGNHAAGILTL,DQB1_0602,DQA1_0102,1
CILRPHSGNTPLVF,CAWRADYNQPQHF,HGAGNHAAGILTL,DQB1_0602,DQA1_0102,1
CAMREEGTGNQFYF,CASSQVVMGGSQETQYF,HGAGNHAAGILTL,DQB1_0602,DQA1_0102,1
CAASKGNTGFQKLVF,CASSVSPSHEQYF,HGAGNHAAGILTL,DQB1_0602,DQA1_0102,1
CALSTMFSGGYNKLIF,CASSLRTGYNEQFF,HGAGNHAAGILTL,DQB1_0602,DQA1_0102,1
CSSGSGNTGKLIF,CASSRDLGAEAFF,HGAGNHAAGILTL,DQB1_0602,DQA1_0102,1
CVVPNNNDMRF,CASSLPGQGYGYTF,HGAGNHAAGILTL,DQB1_0602,DQA1_0102,1
CAVEDKTGGFKTIF,CASSSQQLHQETQYF,HGAGNHAAGILTL,DQB1_0602,DQA1_0102,1
CALGVYGQNFVF,CASSGAGGFYNEQFF,HGAGNHAAGILTL,DQB1_0602,DQA1_0102,1
CAANNNDMRF,CASSPPSHGYTF,HGAGNHAAGILTL,DQB1_0602,DQA1_0102,1
CAMTGLTGGGNKLTF,CAWSVSGSNQPQHF,HGAGNHAAGILTL,DQB1_0602,DQA1_0102,1
CAMSDGSGTYKYIF,CASSQTGVHSRLHF,HGAGNHAAGILTL,DQB1_0602,DQA1_0102,1
CVVNRDGGGADGLTF,CATEALTGNQPQHF,HGAGNHAAGILTL,DQB1_0602,DQA1_0102,1
CAGAQSKSRGSQGNLIF,CGTSGYNEQFF,HGAGNHAAGILTL,DQB1_0602,DQA1_0102,1
CAVRRNTDKLIF,CAISWGQGPFNEKLFF,HGAGNHAAGILTL,DQB1_0602,DQA1_0102,1
CATRGNQGGKLIF,CASSFSGTRTGELFF,LHCQERANELMRAMK,DQA1_0102,DQB1_0602,1
CAVETGGSYIPTF,CASSGSGQGRAFF,LHCQERANELMRAMK,DQA1_0102,DQB1_0602,1
CALSSLWGEKLTF,CASSGQGSYEQYF,LHCQERANELMRAMK,DQA1_0102,DQB1_0602,1
CALSGDVYGGSQGNLIF,CASSSSGQGGNSPLHF,LHCQERANELMRAMK,DQA1_0102,DQB1_0602,1
CAVNWGGNSGAGSYQLTF,CASSFEGSGDTQYF,LHCQERANELMRAMK,DQA1_0102,DQB1_0602,1
CAENPNSGGSNYKLTF,CASSFGGSSYNEQFF,LHCQERANELMRAMK,DQA1_0102,DQB1_0602,1
CAVSDPGGKLIF,CASSFLGRVVGEQYF,LHCQERANELMRAMK,DQA1_0102,DQB1_0602,1
CAVQAGNYGQNFVF,CASSFLGTRDHGYTF,LHCQERANELMRAMK,DQA1_0102,DQB1_0602,1
CALSDPGTGNQFYF,CASSFLGTRNYGYTF,LHCQERANELMRAMK,DQA1_0102,DQB1_0602,1
CIVYGGFKTIF,CASSLRSTDTQYF,PQPELPYPQPE,,,1
CLVGGGADGLTF,CASSVRTLDTGELF,PQPELPYPQPE,,,1
CLVGHGSSNTGKLIF,CASSLRWGDGGKLF,PQPELPYPQPE,,,1
CVVNSWAGNQF,CASSLGYGVSTGELF,PQPELPYPQPE,,,1
CAVDSSARQLTF,CASTHGTDTQYF,RFNLIANQHLLAPGF,DRA_0101,DRB1_0101,1
CAALSGGGADGLTF,CASSWGQQNYGYTF,RFNLIANQHLLAPGF,DRA_0101,DRB1_0101,1
CAGLSGGGADGLTF,CASSVGQRNYGYTF,RFNLIANQHLLAPGF,DRA_0101,DRB1_0101,1
CAAIDTGAGSYQLTF,CASSLDRSMGPQHF,RFNLIANQHLLAPGF,DRA_0101,DRB1_0101,1
CAVNEGSSNTGKLIF,CASSYRGQAGYTF,RFNLIANQHLLAPGF,DRA_0101,DRB1_0101,1
CAAGFGNEKLTF,CASSLGPYNEQFF,RFNLIANQHLLAPGF,DRA_0101,DRB1_0101,1
CAVREYGGATNKLIF,CASSLNWLSYNEQFF,RFNLIANQHLLAPGF,DRA_0101,DRB1_0101,1
CALSGGTGGGSNYKLTF,CAWSVRGGRSPLHF,RFNLIANQHLLAPGF,DRA_0101,DRB1_0101,1
CAMGPRRGSNYKLTF,CASSRTGGNEQFF,RFNLIANQHLLAPGF,DRA_0101,DRB1_0101,1
CAPLGYGNKLVF,CASGDRGRPNYGYTF,RFNLIANQHLLAPGF,DRA_0101,DRB1_0101,1
CAVIGGGYQKVTF,CASSSQLAREQYF,RTQLLWTPAAPTAMA,DRB1_0701,,1
CAVYNNDMRF,CASSQLQGFYGYTF,RTQLLWTPAAPTAMA,DRB1_0701,,1
CAVNAGANNLFF,CASSLLGVEQFF,RTQLLWTPAAPTAMA,DRB1_0701,,1
CVVSGRSGGYQKVTF,CASSREGGASYNEQFF,RTQLLWTPAAPTAMA,DRB1_0701,,1
CAVRINAGGTSYGKLTF,CASRQTGGVGELFF,RTQLLWTPAAPTAMA,DRB1_0701,,1
CAVRTNAGKSTF,CASSQVPTGTAWGYTF,RTQLLWTPAAPTAMA,DRB1_0701,,1
CAVTLSGTYKYIF,CAGKAQGALNTDTQYF,RTQLLWTPAAPTAMA,DRB1_0701,,1
CATDLAAGNKLTF,CASSLPGQLNYGYTF,RTQLLWTPAAPTAMA,DRB1_0701,,1
CAVRTGANSKLTF,CASSLVGYGYTF,RTQLLWTPAAPTAMA,DRB1_0701,,1
CAVLNAGGTSYGKLTF,CASSVAAGRSSGANVLTF,RTQLLWTPAAPTAMA,DRB1_0701,,1
CIVRVPNFGNEKLTF,CASSIGTGSSYNSPLHF,RTQLLWTPAAPTAMA,DRB1_0701,,1
CAVRQNAGNMLTF,CASSRGLAVNTGELFF,RTQLLWTPAAPTAMA,DRB1_0701,,1
CAVDGTDKLIF,CASSLRGDYGYTF,YVSQPFLMD,DPB1_04,,1
CAAQNYGGSQGNLIF,CASSPRGANGYTF,YVSQPFLMD,DPB1_04,,1
CAAMNYGGSQGNLIF,CASSTGQGALGYTF,YVSQPFLMD,DPB1_04,,1
CAEMNYGGSQGNLIF,CASSLTGGKGYTF,YVSQPFLMD,DPB1_04,,1
CAGRNYGGSQGNLIF,CASSASVGYTF,YVSQPFLMD,DPB1_04,,1
CAGLLYGGSQGNLIF,CASSSRGGNEQFF,YVSQPFLMD,DPB1_04,,1
CATINYGGSQGNLIF,CASSVRDRVNTGELFF,YVSQPFLMD,DPB1_04,,1
CAEGSFGTNAGKSTF,CSAGGVVNRQFF,VYFLQSINF,DQA1_0102,DQB1_0602,0
CAAADTGNQFYF,CASSSHGQGNQPQHF,VYIGDPAQL,DQA1_0102,DQB1_0602,0
CAGSPRQGGSEKLVF,CSARHLATAGRNEQFF,VYIGDPAQL,DQA1_0102,DQB1_0602,0
CAVSRAGANNLFF,CASSQGLGPGLFNQPQHF,VYIGDPAQL,DQA1_0102,DQB1_0602,0
CAAPYNQGGKLIF,CASARVAGLYSNQPQHF,TTDPSFLGRY,DQA1_0102,DQB1_0602,0
CAVSERTTQAGTALIF,CASSPGQGAGELFF,TTDPSFLGRY,DQA1_0102,DQB1_0602,0
CAVSDNPRVQGAQKLVF,CSAAGTGGAGTEAFF,TTDPSFLGRY,DQA1_0102,DQB1_0602,0
CAVQVNAGGTSYGKLTF,CASSLRLGGLAGVGAQYF,TTDPSFLGRY,DQA1_0102,DQB1_0602,0
CATDGYNTDKLIF,CASSQGRTGSSNYGYTF,TTDPSFLGRY,DQA1_0102,DQB1_0602,0
CVVVHGSGNTGKLIF,CASSQTAGGGLYEQYF,TTDPSFLGRY,DQA1_0102,DQB1_0602,0
CAMREGLSLLDTGNQFYF,CSVALQGAGNQPQHF,TTDPSFLGRY,DQA1_0102,DQB1_0602,0
CAVRKGGSEKLVF,CASSYFPGLSYNSPLHF,TTDPSFLGRY,DQA1_0102,DQB1_0602,0
CILRDGRIIQGAQKLVF,CASGGTSGFRSSYNEQFF,TTDPSFLGRY,DQA1_0102,DQB1_0602,0
CAMSAQGGSEKLVF,CASETQGIGNQPQHF,TTDPSFLGRY,DQA1_0102,DQB1_0602,0
CATGSYNTDKLIF,CASSQGRTGPANYGYTF,TTDPSFLGRY,DQA1_0102,DQB1_0602,0
CGRGGSNYKLTF,CASSTSTGQFSGANVLTF,TTDPSFLGRY,DQA1_0102,DQB1_0602,0
CAVGGQYNFNKFYF,CASSPFSGRGAADTQYF,TTDPSFLGRY,DQA1_0102,DQB1_0602,0
CAASMSTNQGGKLIF,CSADRYAYEQYF,TTDPSFLGRY,DQA1_0102,DQB1_0602,0
CATDPDSGGSNYKLTF,CASSGQQVFYGYTF,TTDPSFLGRY,DQA1_0102,DQB1_0602,0
CAVGLTDSWGKLQF,CASSIDKQGNSYNEQFF,TTDPSFLGRY,DQA1_0102,DQB1_0602,0
CAASARQGGSEKLVF,CASSWVQGGDEKLFF,TTDPSFLGRY,DQA1_0102,DQB1_0602,0
CALSLDNNARLMF,CSANSGRASGGEQFF,TTDPSFLGRY,DQA1_0102,DQB1_0602,0
CARGGTSYGKLTF,CAWAGAGGYEQYF,FEDLRLLSF,DQA1_0102,DQB1_0602,0
CAAGGDSGSRLTF,CASTGGAFEAFF,TTDPSFLGRY,DQA1_0102,DQB1_0602,0
CAGQLAQGGSEKLVF,CSGAPWGTSGRSETQYF,TTDPSFLGRY,DQA1_0102,DQB1_0602,0
CAENRDSGTYKYIF,CASSLYGQGASGYTF,LLWNGPMAV,DQA1_0102,DQB1_0602,0
CAAYSSASKIIF,CASSVEGNFYSPLHF,RYCNLEGPPI,DQA1_0102,DQB1_0602,0
CVVSGTWGNNARLMF,CASSPGQTMRDTQYF,VYIGDPAQL,DQA1_0102,DQB1_0602,0
CAAQGGYNKLIF,CASSPGQVPYNEQFF,ALSKGVHFV,DQA1_0102,DQB1_0602,0
CARHNYGQNFVF,CASSTGTGFTDTQYF,TTDPSFLGRY,DQA1_0102,DQB1_0602,0
CAVSEGNNQGGKLIF,CASRGQGNSPLHF,TTDPSFLGRY,DQA1_0102,DQB1_0602,0
CAVSDQQGGKLIF,CASSPTGTGNSPLHF,ALSKGVHFV,DQA1_0102,DQB1_0602,0
CAVGPRMDSSYKLIF,CASSQGSLNTDTQYF,FTSDYYQLY,DQA1_0102,DQB1_0602,0
CATVGYNTDKLIF,CASSQGRQGVSYGYTF,NYNYLYRLF,DQA1_0102,DQB1_0602,0
CAVRPYNNNDMRF,CASLRAGGLTGELFF,SPRWYFYYL,DQA1_0102,DQB1_0602,0
CAVSEGRSNQGGKLIF,CASSSQGRENEQYF,LLLDRLNQL,DQA1_0102,DQB1_0602,0
CAVESTNAGKSTF,CASTHRKGDSGNTIYF,FTSDYYQLY,DQA1_0102,DQB1_0602,0
CAVTSRAGGYQKVTF,CASSVTQNSYEQYF,VYIGDPAQL,DQA1_0102,DQB1_0602,0
CAVEETSGSRLTF,CASSQPDTRADTQYF,VYFLQSINF,DQA1_0102,DQB1_0602,0
CAVSERGGSEKLVF,CASSVTTTSYEQYF,FTSDYYQLY,DQA1_0102,DQB1_0602,0
CAATDTGNQFYF,CASSQHGQGNQPQHF,VTEHDTLLY,DQA1_0102,DQB1_0602,0
CATESLNTDKLIF,CASSQGRGPQTDTQYF,TTDPSFLGRY,DQA1_0102,DQB1_0602,0
CAVSERGAQKLVF,CSAPSGGGRASGANVLTF,LLLDRLNQL,DQA1_0102,DQB1_0602,0
CAASFGSSNTGKLIF,CASSPTPGTVFTYEQYF,FTSDYYQLY,DQA1_0102,DQB1_0602,0
CATDDRGSTLGRLYF,CASSVTGTGGVNYGYTF,FTSDYYQLY,DQA1_0102,DQB1_0602,0
CAAGDTGNQFYF,CASSPHGQGNQPQHF,TTDPSFLGRY,DQA1_0102,DQB1_0602,0
CAVGVADSWGKLQF,CASSIVAGGTSYNEQFF,ALSKGVHFV,DQA1_0102,DQB1_0602,0
CAVTPGGYQKVTF,CASSPQRGGQTGELFF,LLLDRLNQL,DQA1_0102,DQB1_0602,0
CAGATGTASKLTF,CSAPTETSGGEQYF,LLLDRLNQL,DQA1_0102,DQB1_0602,0
CAGHTSNTGNQFYF,CASSRGTGGRETQYF,GLCTLVAML,DQA1_0102,DQB1_0602,0
CAASGYGQNFVF,CSARGPREKLFF,TTDPSFLGRY,DQA1_0102,DQB1_0602,0
CILIKAAGNKLTF,CSAQGPVNEQFF,DTDFVNEFY,DQA1_0102,DQB1_0602,0
CAVSETLGRLYF,CASSRQGTFAEQFF,LLLDRLNQL,DQA1_0102,DQB1_0602,0
CALSEAFPPLYNFNKFYF,CASSLFATSGKDTQYF,TTDPSFLGRY,DQA1_0102,DQB1_0602,0
CAVSEGAQGAQKLVF,CASSTPGLDTDTQYF,SPRWYFYYL,DQA1_0102,DQB1_0602,0
CLRVPNRGSQGNLIF,CASSLSITGARVEAFF,DTDFVNEFY,DQA1_0102,DQB1_0602,0
CIVRRVYGGSQGNLIF,CASSLGGQQGGDTQYF,VYIGDPAQL,DQA1_0102,DQB1_0602,0
CAVQELARLMF,CASSVEGYSSPLHF,LLLDRLNQL,DQA1_0102,DQB1_0602,0
CATDAELGNKLVF,CASSQDRGRGTDTQYF,LLLDRLNQL,DQA1_0102,DQB1_0602,0
CAGHPTQGGSEKLVF,CSAGLWGFSNQPQHF,SPRWYFYYL,DQA1_0102,DQB1_0602,0
CATASENTDKLIF,CASSQGATGGIIGGYTF,NQKLIANQF,DQA1_0102,DQB1_0602,0
CATDPFTGANNLFF,CASSQGRANTGELFF,FTSDYYQLY,DQA1_0102,DQB1_0602,0
CATDSYNTDKLIF,CASSQARTGGSNYGYTF,LTDEMIAQY,DQA1_0102,DQB1_0602,0
CIVRVGDVSGSRLTF,CASRLGLAANTGELFF,LLLDRLNQL,DQA1_0102,DQB1_0602,0
CATDASLGTGANNLFF,CASSSTGLAGVDTQYF,NTNSSPDDQIGYY,DQA1_0102,DQB1_0602,0
CAATEAQGGGNKLTF,CASSLGGTYNEQFF,TTDPSFLGRY,DQA1_0102,DQB1_0602,0
CVVNMLGNQGGKLIF,CASSGAGQPQHF,TTDPSFLGRY,DQA1_0102,DQB1_0602,0
CAVNRVKNFVF,CASSHGLGAQNTEAFF,YLQPRTFLL,DQA1_0102,DQB1_0602,0
CAVSVDTRPDQYGNKLVF,CASSIGVGTSGRTDTQYF,LLLDRLNQL,DQA1_0102,DQB1_0602,0
CATVHYNTDKLIF,CASSLGAGASSYEQYF,TTDPSFLGRY,DQA1_0102,DQB1_0602,0
CAGREVSGGSNYKLTF,CASSRRTGAYEKLFF,FTSDYYQLY,DQA1_0102,DQB1_0602,0
CALSENGGATNKLIF,CASSPHPGTSGAAETQYF,LLLDRLNQL,DQA1_0102,DQB1_0602,0
CIVRVGGNAGNMLTF,CSAPPPGSHNQPQHF,TTDPSFLGRY,DQA1_0102,DQB1_0602,0
CAGGVNSGGGADGLTF,CASTSGRATNEKLFF,ALSKGVHFV,DQA1_0102,DQB1_0602,0
CAACAYNTDKLIF,CASSQGRTATNEKLFF,SPRWYFYYL,DQA1_0102,DQB1_0602,0
CAGGVISNFGNEKLTF,CASSIPMRNTGELFF,ALSKGVHFV,DQA1_0102,DQB1_0602,0
CATVFYNTDKLIF,CASSQGRAATNEKLFF,TTDPSFLGRY,DQA1_0102,DQB1_0602,0
CAASPTMNRDDKIIF,CASKRSGGATGQYF,GLCTLVAML,DQA1_0102,DQB1_0602,0
CAVNRRDSSYKLIF,CSAARQGNPQSDTQYF,LTDEMIAQY,DQA1_0102,DQB1_0602,0
CATAGYNTDKLIF,CASSQGRTAMNTEAFF,TTDPSFLGRY,DQA1_0102,DQB1_0602,0
CAMRETQGAQKLVF,CASSSSTANQPQHF,GILGFVFTL,DQA1_0102,DQB1_0602,0
CAGSPSQGGSEKLVF,CSARPLGTSGRDEQFF,VSDGGPNLY,DQA1_0102,DQB1_0602,0
CIVRVKEGGGADGLTF,CSVDQNGYEQYF,TTDPSFLGRY,DQA1_0102,DQB1_0602,0
CAMRGQDSGYSTLTF,CASSIVRGLYSNQPQHF,FTSDYYQLY,DQA1_0102,DQB1_0602,0
CIVRGNTDKLIF,CSALSGRLDNEQFF,CLGGLLTMV,DQA1_0102,DQB1_0602,0
CAVQSQYNFNKFYF,CASSHDANYGYTF,TTDPSFLGRY,DQA1_0102,DQB1_0602,0
CAASYFSTGYSTLTF,CASSIPGVAQPQHF,TTDPSFLGRY,DQA1_0102,DQB1_0602,0
CAAYGSGNTGKLIF,CASTPIAGQNNEQFF,TTDPSFLGRY,DQA1_0102,DQB1_0602,0
CAVILSSGGYNKLIF,CSASPPWTSGNYNEQFF,LTDEMIAQY,DQA1_0102,DQB1_0602,0
CAVSPSDSWGKLQF,CASSYPGLSQETQYF,TTDPSFLGRY,DQA1_0102,DQB1_0602,0
CAGGGYNTDKLIF,CASSQAKTGGTYYGYTF,ALSKGVHFV,DQA1_0102,DQB1_0602,0
CAVSDRNANAGKSTF,CASSVGLLNSNQPQHF,LLWNGPMAV,DQA1_0102,DQB1_0602,0
CATVAYNTDKLIF,CASSQGSAGTQMGYTF,TTDPSFLGRY,DQA1_0102,DQB1_0602,0
CAVRATDSWGKLQF,CASSGQVRTDTQYF,FTSDYYQLY,DQA1_0102,DQB1_0602,0
CAVGPSDNQGGKLIF,CASKSQGALGPQHF,DTDFVNEFY,DQA1_0102,DQB1_0602,0
CAASESRTNAGKSTF,CASARTGYTGELFF,LTDEMIAQY,DQA1_0102,DQB1_0602,0
CAVSENNQGGKLIF,CASSSGGGALGTQYF,TTDPSFLGRY,DQA1_0102,DQB1_0602,0
CAGSPTQGGSEKLVF,CSVRPVGTSGRDEQFF,FTSDYYQLY,DQA1_0102,DQB1_0602,0
CAVGAGSGGGADGLTF,CASSRRSGGGTDTQYF,FTSDYYQLY,DQA1_0102,DQB1_0602,0
CAVEYTGGFKTIF,CASSPFNYGYTF,NYNYLYRLF,DQA1_0102,DQB1_0602,0
CAMRSSGGYQKVTF,CASSLRLAGGGLGNEQFF,GLCTLVAML,DQA1_0102,DQB1_0602,0
CAVVLGGNTPLVF,CASSLVPRISGNTIYF,LLWNGPMAV,DQA1_0102,DQB1_0602,0
CLVGDMEYGNKLVF,CASSQAPPSGNEQFF,LTDEMIAQY,DQA1_0102,DQB1_0602,0
CALIEWQGAQKLVF,CASRWTGGDQPQHF,FTSDYYQLY,DQA1_0102,DQB1_0602,0
CAGAPGNQGGKLIF,CASSPGARAFF,RPPIFIRRL,DQA1_0102,DQB1_0602,0
CAARGYQKVTF,CASSEQQGNEQYF,TTDPSFLGRY,DQA1_0102,DQB1_0602,0
CAVSPNTDKLIF,CASTSVGNEQFF,ALSKGVHFV,DQA1_0102,DQB1_0602,0
CAMSEGAGSYQLTF,CSARTSGSPLYNEQFF,NQKLIANQF,DQA1_0102,DQB1_0602,0
CAFHNNARLMF,CATSDGTGTTQETQYF,FTSDYYQLY,DQA1_0102,DQB1_0602,0
CAENRVTGNQFYF,CASSLDRGSEKLFF,TTDPSFLGRY,DQA1_0102,DQB1_0602,0
CAVYPLRGNARLMF,CSARTGENTEAFF,TTDPSFLGRY,DQA1_0102,DQB1_0602,0
CAMRAYSGGGADGLTF,CASRRTGPSSYEQYF,YLQPRTFLL,DQA1_0102,DQB1_0602,0
CAVGGGATNKLIF,CASSLLGRHTGELFF,TTDPSFLGRY,DQA1_0102,DQB1_0602,0
CALQNNAGNMLTF,CAWSGVSSYNEQFF,NYNYLYRLF,DQA1_0102,DQB1_0602,0
CAGSSANQAGTALIF,CSARGGQGAPSPLHF,FEDLRVLSF,DQA1_0102,DQB1_0602,0
CAASRGGGNKLTF,CSAADRESTNEKLFF,TTDPSFLGRY,DQA1_0102,DQB1_0602,0
CILHTDNAGNMLTF,CASSLLGQGIGEQFF,LLLDRLNQL,DQA1_0102,DQB1_0602,0
CAGVINTGTASKLTF,CASSSTGSPSYNEQFF,YVLDHLIVV,DQA1_0102,DQB1_0602,0
CAGQREYGNKLVF,CASSYGTGLIYNEQFF,VYFLQSINF,DQA1_0102,DQB1_0602,0
CAVRLTTNAGKSTF,CASSSTASYEQYF,TTDPSFLGRY,DQA1_0102,DQB1_0602,0
CAYRNRDDKIIF,CSASSPPPNAKNIQYF,TTDPSFLGRY,DQA1_0102,DQB1_0602,0
CAMSAIYGQNFVF,CSARRTENLYEQYF,TTDPSFLGRY,DQA1_0102,DQB1_0602,0
CAILPFSGGYNKLIF,CASSSINNSPLHF,LLLDRLNQL,DQA1_0102,DQB1_0602,0
CAYMANAGGTSYGKLTF,CASSWGGQGDTQYF,ALSKGVHFV,DQA1_0102,DQB1_0602,0
CAVRPSYNTDKLIF,CASSVTSTGELFF,VYFLQSINF,DQA1_0102,DQB1_0602,0
CATDAGGGADGLTF,CASSLEGSGRAYGELFF,LLLDRLNQL,DQA1_0102,DQB1_0602,0
CAELFARLMF,CASSEGRKNSPLHF,LLLDRLNQL,DQA1_0102,DQB1_0602,0
CAVHSLRQGGSEKLVF,CASSLATGGHGYTF,NYNYLYRLF,DQA1_0102,DQB1_0602,0
CAMSEAAAGNKLTF,CASSMNSEETQYF,TTDPSFLGRY,DQA1_0102,DQB1_0602,0
CALSDKKYNFNKFYF,CASSHSGSRETQYF,RVAGDSGFAAY,DQA1_0102,DQB1_0602,0
CIVRSSNMNRDDKIIF,CASSPDRTYSYEQYF,TTDPSFLGRY,DQA1_0102,DQB1_0602,0
CAVDDGGTASKLTF,CASSLDYEQYF,LLLDRLNQL,DQA1_0102,DQB1_0602,0
CAVGSSYKLIF,CASSESGGGGEKLFF,TTDPSFLGRY,DQA1_0102,DQB1_0602,0
CIVRPTLLTGANSKLTF,CASSLLNTEAFF,GLCTLVAML,DQA1_0102,DQB1_0602,0
CAVRKSNAGNMLTF,CSATETGWNNEAFF,GLDNHTILL,DQA1_0102,DQB1_0602,0
CAVHPMDSSYKLIF,CSARREGGETQYF,TTDPSFLGRY,DQA1_0102,DQB1_0602,0
CAPLDTGRRALTF,CASSLGLAVGGSDTQYF,TTDPSFLGRY,DQA1_0102,DQB1_0602,0
CAVTPYNNNDMRF,CASSRSRESGEQYF,FEDLRLLSF,DQA1_0102,DQB1_0602,0
CIVRVGGANSGYALNF,CASRGQGGTDTQYF,TTDPSFLGRY,DQA1_0102,DQB1_0602,0
CAVTSGGYNKLIF,CSARVRLAVSSYNEQFF,TTDPSFLGRY,DQA1_0102,DQB1_0602,0
CAMRETSGSRLTF,CSARTRSSYEQYF,TTDPSFLGRY,DQA1_0102,DQB1_0602,0
CALQTQGGSEKLVF,CASSYRGPNYGYTF,FTSDYYQLY,DQA1_0102,DQB1_0602,0
CAASNGVDNNNDMRF,CASSRSRGGYTF,LLLDRLNQL,DQA1_0102,DQB1_0602,0
CALSVLNTGGFKTIF,CASSVDGTSGETQYF,TTDPSFLGRY,DQA1_0102,DQB1_0602,0
CAGHQGGSEKLVF,CASSRTGTTFF,FTSDYYQLY,DQA1_0102,DQB1_0602,0
CAATQFYGGSQGNLIF,CASSQLLAGGETQYF,AEVQIDRLI,DQA1_0102,DQB1_0602,0
CAPETSGSRLTF,CASSFRVQGSPLHF,LLLDRLNQL,DQA1_0102,DQB1_0602,0
CAIRYGNNRLAF,CASSLAGGNEKLFF,LLLDRLNQL,DQA1_0102,DQB1_0602,0
CIVRGISSGSARQLTF,CASRMTGAYSPLHF,AEVQIDRLI,DQA1_0102,DQB1_0602,0
CIVRVAGNTGKLIF,CASSYSTGGSNYGYTF,GILGFVFTL,DQB1_0602,DQA1_0102,0
CATADYNQGGKLIF,CASSLDFYNEQFF,TTDPSFLGRY,DQB1_0602,DQA1_0102,0
CVVIKGDNAGNMLTF,CASSLLGYEQFF,FTSDYYQLY,DQB1_0602,DQA1_0102,0
CALPNFGNEKLTF,CASSSDFPGSYEQYF,VYFLQSINF,DQB1_0602,DQA1_0102,0
CILRDFQGAQKLVF,CSAWGGKGKNQPQHF,FEDLRLLSF,DQB1_0602,DQA1_0102,0
CAVDLGGSQGNLIF,CASSQLAGYYEQYF,LLLDRLNQL,DQB1_0602,DQA1_0102,0
CAMREGEGTALIF,CASSIGPAVGEKLFF,ALSKGVHFV,DQB1_0602,DQA1_0102,0
CAVGPLNARLMF,CASSLPTGNTEAFF,TTDPSFLGRY,DQB1_0602,DQA1_0102,0
CATDAGGTSGSRLTF,CASTPIAGYNYGYTF,TTDPSFLGRY,DQB1_0602,DQA1_0102,0
CAASADNARLMF,CASSLVGFVGGYTF,ALSKGVHFV,DQB1_0602,DQA1_0102,0
CALSEDAGGGADGLTF,CASRRHQQETQYF,LLLDRLNQL,DQB1_0602,DQA1_0102,0
CAASTNDMRF,CASSQGTSGRAQETQYF,TTDPSFLGRY,DQB1_0602,DQA1_0102,0
CAGGGGATNKLIF,CAWSEGGYGYTF,LTDEMIAQY,DQB1_0602,DQA1_0102,0
CALSDSQGGSEKLVF,CASSPTFQGLVPQPQHF,VYFLQSINF,DQB1_0602,DQA1_0102,0
CAVSEEDDKIIF,CASRQGQKNEQFF,GILGFVFTL,DQB1_0602,DQA1_0102,0
CAVDPSGSARQLTF,CASQTSTEAFF,TTDPSFLGRY,DQB1_0602,DQA1_0102,0
CAVQVWDQAGTALIF,CASSLRSGRGNEQFF,GILGFVFTL,DQB1_0602,DQA1_0102,0
CAASARYGGSQGNLIF,CASSFEGINEKLFF,FTSDYYQLY,DQB1_0602,DQA1_0102,0
CAGGTGNQFYF,CASSDGGTKQFF,TTDPSFLGRY,DQB1_0602,DQA1_0102,0
CAVILNAGGTSYGKLTF,CASSLGSGASGNGELFF,TTDPSFLGRY,DQB1_0602,DQA1_0102,0
CAVDNGRTETSGSRLTF,CASSFGLAETQYF,FTSDYYQLY,DQB1_0602,DQA1_0102,0
CAESILGGSYIPTF,CASSDSFGYTF,TTDPSFLGRY,DQB1_0602,DQA1_0102,0
CAYKDTGTASKLTF,CASSQVDTGGGEKLFF,FTSDYYQLY,DQB1_0602,DQA1_0102,0
CIVRGFEYGNKLVF,CASSLSIPPYEQYF,RVAGDSGFAAY,DQB1_0602,DQA1_0102,0
CAARDLLSGSARQLTF,CASAFEYYVETQYF,VYFLQSINF,DQB1_0602,DQA1_0102,0
CAVGFSGGYNKLIF,CSAPRPPGDGYTF,LLWNGPMAV,DQB1_0602,DQA1_0102,0
CIVRVGNTDKLIF,CASSLGPPNSPLHF,LTDEMIAQY,DQB1_0602,DQA1_0102,0
CVVNPGDDYKLSF,CASSVTKATGTFF,VYFLQSINF,DQB1_0602,DQA1_0102,0
CAVETGGYQKVTF,CASSTDTGELFF,YLQPRTFLL,DQB1_0602,DQA1_0102,0
CAVNKKPGTYKYIF,CASRSTVSYEQYF,TTDPSFLGRY,DQB1_0602,DQA1_0102,0
CAVQGGSEKLVF,CASSLSRVGGNQPQHF,FTSDYYQLY,DQB1_0602,DQA1_0102,0
CAVRDLTGGGNKLTF,CASNYLAGAYEQYF,VSDGGPNLY,DQB1_0602,DQA1_0102,0
CAVFGNEKLTF,CASSYLRGGGEQYF,LLLDRLNQL,DQB1_0602,DQA1_0102,0
CAGQLAGTYKYIF,CASRGGPGTGELFF,TTDPSFLGRY,DQB1_0602,DQA1_0102,0
CAVPEGGTYKYIF,CASSQPYQKQFF,FTSDYYQLY,DQB1_0602,DQA1_0102,0
CAYRSARSGAGSYQLTF,CASSHAGVNSPLHF,LLWNGPMAV,DQB1_0602,DQA1_0102,0
CAASLHTGGGNKLTF,CASSQAMGNEKLFF,FTSDYYQLY,DQB1_0602,DQA1_0102,0
CAVMSYNTDKLIF,CASSLQYSNQPQHF,TTDPSFLGRY,DQB1_0602,DQA1_0102,0
CAFRDYNQGGKLIF,CASSPPERGRTDTQYF,YLQPRTFLL,DQB1_0602,DQA1_0102,0
CAVRDMPGTYKYIF,CSARDLAGANGYTF,VYFLQSINF,DQB1_0602,DQA1_0102,0
CAVRDMFISTDKLIF,CASSLGLAGVTETQYF,NYNYLYRLF,DQB1_0602,DQA1_0102,0
CAMKGRTGFQKLVF,CASSSGLAGVEYNEQFF,FTSDYYQLY,DQB1_0602,DQA1_0102,0
CAYTGANSKLTF,CASGPGRESRETQYF,YLQPRTFLL,DQB1_0602,DQA1_0102,0
CIPFRGGTSYGKLTF,CASSLAPGQGYYEQYF,RFPLTFGWCF,DQB1_0602,DQA1_0102,0
CAENDGGSQGNLIF,CATHRSSYNSPLHF,TTDPSFLGRY,DQB1_0602,DQA1_0102,0
CIVRVSSTLGRLYF,CASLGAGGTYEQYF,TTDPSFLGRY,DQB1_0602,DQA1_0102,0
CAMSAVDSSYKLIF,CASSRTDKDF,NYNYLYRLF,DQB1_0602,DQA1_0102,0
CAVKDPPRGNFGNEKLTF,CASSYSLHGNTIYF,SPRWYFYYL,DQB1_0602,DQA1_0102,0
CAMSAGARLMF,CASSIAGAGGLDEQFF,LLWNGPMAV,DQB1_0602,DQA1_0102,0
CALTESGGYQKVTF,CAIKWSQDNSPLHF,QELIRQGTDY,DQB1_0602,DQA1_0102,0
CAVARNSGYALNF,CASSSQKTGGVKDTQYF,FTSDYYQLY,DQB1_0602,DQA1_0102,0
CAENIPGTYKYIF,CSARIAGRDNSPLHF,FEDLRVSSF,DQB1_0602,DQA1_0102,0
CAVRDGPGGSYIPTF,CAWSVSSVARASYEQYF,NYNYLYRLF,DQB1_0602,DQA1_0102,0
CAASARSSNTGKLIF,CASSSPPGTGGTNEKLFF,VYIGDPAQL,DQB1_0602,DQA1_0102,0
CATSQGAQKLVF,CASSEGHWGDYGYTF,VYIGDPAQL,DQB1_0602,DQA1_0102,0
CIVRPKETSGSRLTF,CASSRTDEAFF,VYIGDPAQL,DQB1_0602,DQA1_0102,0
CAVNKDYGGSQGNLIF,CASTDVGLALSFF,LLLDRLNQL,DQB1_0602,DQA1_0102,0
CALSGRNTGNQFYF,CASSVAGRPQETQYF,ALSKGVHFV,DQB1_0602,DQA1_0102,0
CALSENARLMF,CASSPSTGYSDTQYF,TTDPSFLGRY,DQB1_0602,DQA1_0102,0
CAVRKVEYGGSQGNLIF,CASSPYDSMNTGELFF,FEDLRLLSF,DQB1_0602,DQA1_0102,0
CALLNQAGTALIF,CASSLSSGETQYF,LTDEMIAQY,DQB1_0602,DQA1_0102,0
CAASYAGNQFYF,CASSLSSRGKASGYTF,NYNYLYRLF,DQB1_0602,DQA1_0102,0
CILKAGGTSYGKLTF,CASSLRPISGNNEQFF,VSDGGPNLY,DQB1_0602,DQA1_0102,0
CALSDVQGAQKLVF,CASSLPPGALEQYF,LLWNGPMAV,DQB1_0602,DQA1_0102,0
CALSGGDTGTASKLTF,CASSRGQGRTDTQYF,LLWNGPMAV,DQB1_0602,DQA1_0102,0
CAVSPYGNNRLAF,CASNPGTANTEAFF,LLLDRLNQL,DQB1_0602,DQA1_0102,0
CAESAGNMLTF,CASRRLGGPPSTDTQYF,FTSDYYQLY,DQB1_0602,DQA1_0102,0
CAGARSVGNQFYF,CASSLVPGRSYEQYF,TTDPSFLGRY,DQB1_0602,DQA1_0102,0
CILRAQGGSEKLVF,CSASGPKQYF,TTDPSFLGRY,DQB1_0602,DQA1_0102,0
CILRDSVWGRNDMRF,CASSLRTSGEMGQYF,LTDEMIAQY,DQB1_0602,DQA1_0102,0
CAASTTGTASKLTF,CASSERLDSPLHF,RPPIFIRRL,DQB1_0602,DQA1_0102,0
CAAKGGGGNKLTF,CSATDGIYSNQPQHF,LTDEMIAQY,DQB1_0602,DQA1_0102,0
CATDAPGRRALTF,CATRQGTSVAYNEQFF,LTDEMIAQY,DQB1_0602,DQA1_0102,0
CAESGSSASKIIF,CATREVYGYTF,TTDPSFLGRY,DQB1_0602,DQA1_0102,0
CAGQGGSEKLVF,CASSFGQGLGGNQPQHF,GILGFVFTL,DQB1_0602,DQA1_0102,0
CVVSYYNNNDMRF,CASSLVIQETQYF,YVLDHLIVV,DQB1_0602,DQA1_0102,0
CATDGGGSNYKLTF,CASSAYSSEAFF,LLWNGPMAV,DQB1_0602,DQA1_0102,0
CAMRGLDTGRRALTF,CSARDPGEPGEQYF,TTDPSFLGRY,DQB1_0602,DQA1_0102,0
CAVITREYGNKLVF,CAWSLGQGAVYNSPLHF,RPPIFIRRL,DQB1_0602,DQA1_0102,0
CIVRPSYSSASKIIF,CASSATQGTYEQYF,TTDPSFLGRY,DQB1_0602,DQA1_0102,0
CAVRDPGGFKTIF,CASSPDTNTEAFF,ALSKGVHFV,DQB1_0602,DQA1_0102,0
CALAGMFSGGYNKLIF,CASSSPGTGGLYNEQFF,TTDPSFLGRY,DQB1_0602,DQA1_0102,0
CIVRLSHGSSNTGKLIF,CASSSWDRDEQYF,TTDPSFLGRY,DQB1_0602,DQA1_0102,0
CILSAGTHSGTYKYIF,CASSLREVGEQFF,GLCTLVAML,DQB1_0602,DQA1_0102,0
CAVEDRNTGFQKLVF,CASKSGSSNQPQHF,ALSKGVHFV,DQB1_0602,DQA1_0102,0
CAAPRGNAGKSTF,CASSSDRNQPQHF,LLLDRLNQL,DQB1_0602,DQA1_0102,0
CAAVAMTTDSWGKLQF,CASSLTGSRSSYNSPLHF,PTDNYITTY,DQB1_0602,DQA1_0102,0
CAVSVVVSGNTPLVF,CASSIARGEKLFF,FTSDYYQLY,DQB1_0602,DQA1_0102,0
CAVNAQGGYSTLTF,CASSPVEDTQYF,LLLDRLNQL,DQB1_0602,DQA1_0102,0
CILREYGAGSYQLTF,CASSEAGADKETQYF,LLWNGPMAV,DQB1_0602,DQA1_0102,0
CAMMNAGGTSYGKLTF,CATGLVNTQYF,CTELKLSDY,DQB1_0602,DQA1_0102,0
CAGLSGNTGKLIF,CASSSDTYNSPLHF,FTSDYYQLY,DQB1_0602,DQA1_0102,0
CAAPPGGGNKLTF,CASSNLQGVGGYTF,TTDPSFLGRY,DQB1_0602,DQA1_0102,0
CAVYNYGQNFVF,CASSLGGATEAFF,LTDEMIAQY,DQB1_0602,DQA1_0102,0
CAVPRIQGAQKLVF,CASKTLVNTEAFF,RFPLTFGWCF,DQB1_0602,DQA1_0102,0
CIVRPPGSSGDKLTF,CAGRTSRAGELFF,NYNYLYRLF,DQB1_0602,DQA1_0102,0
CAYRFNSGGGADGLTF,CASRSPGQGYSPLHF,SPRWYFYYL,DQB1_0602,DQA1_0102,0
CILRDVEGYQKVTF,CASSISGRGQETQYF,CTELKLSDY,DQB1_0602,DQA1_0102,0
CIVRPTGTASKLTF,CASSGLAGAIEQFF,LLLDRLNQL,DQB1_0602,DQA1_0102,0
CAIRYNFNKFYF,CATSDPKEGKDEQFF,TTDPSFLGRY,DQB1_0602,DQA1_0102,0
CAVPRPDTGFQKLVF,CASSPRGSGGATDTQYF,FTSDYYQLY,DQB1_0602,DQA1_0102,0
CAVREGDMRF,CAWSQWDRGFAGELFF,ALSKGVHFV,DQB1_0602,DQA1_0102,0
CAVPLGAGSYQLTF,CAWSSQMGEKLFF,FTSDYYQLY,DQB1_0602,DQA1_0102,0
CAMREELQMKTSYDKVIF,CSAMGQGALWETQYF,TTDPSFLGRY,DQB1_0602,DQA1_0102,0
CAVIYSSASKIIF,CASSESKGWAGELFF,TTDPSFLGRY,DQB1_0602,DQA1_0102,0
CALSEERGSTLGRLYF,CASSQEGLSPDSPLHF,LLWNGPMAV,DQB1_0602,DQA1_0102,0
CAFMKRANSKLTF,CASRDGGPVTDTQYF,ALSKGVHFV,DQB1_0602,DQA1_0102,0
CAVEDDSNNARLMF,CASSPPGTSGRLNEQFF,YVLDHLIVV,DQB1_0602,DQA1_0102,0
CAGNSGGSNYKLTF,CASTPPGQSIYGYTF,FTSDYYQLY,DQB1_0602,DQA1_0102,0
CAEQGSSASKIIF,CASTDIGHGYTF,LTDEMIAQY,DQB1_0602,DQA1_0102,0
CVVSLFGNQFYF,CASSLGALRSEAFF,TTDPSFLGRY,DQB1_0602,DQA1_0102,0
CVVNNARLMF,CASSYQVTSGANVLTF,LTDEMIAQY,DQB1_0602,DQA1_0102,0
CAVSALTGTASKLTF,CASSLAGRSQYF,FTSDYYQLY,DQB1_0602,DQA1_0102,0
CAMSELGNTPLVF,CAWRQLNYGYTF,TTDPSFLGRY,DQB1_0602,DQA1_0102,0
CALSEAYTGNQFYF,CASSHAGNQPQHF,ALSKGVHFV,DQB1_0602,DQA1_0102,0
CAVVKAAGNKLTF,CASSNVQGKEQYF,ALSKGVHFV,DQB1_0602,DQA1_0102,0
CAESMRGSARQLTF,CASSSRDERNEKLFF,TTDPSFLGRY,DQB1_0602,DQA1_0102,0
CALSGGSNYKLTF,CASSVGQWSGELFF,KTWGQYWQV,DQB1_0602,DQA1_0102,0
CAVRPQTGANNLFF,CSASASEQYF,LLLDRLNQL,DQB1_0602,DQA1_0102,0
CALSEAPSEGGGNKLTF,CASSIRKYVEQYF,TTDPSFLGRY,DQB1_0602,DQA1_0102,0
CIPPTNNYGQNFVF,CASSEEIVFSPLHF,CTELKLSDY,DQB1_0602,DQA1_0102,0
CAALSGGSYIPTF,CASRGQGQNYGYTF,LLLDRLNQL,DQB1_0602,DQA1_0102,0
CAVIPSGGYQKVTF,CASSFQGSGNTIYF,NYNYLYRLF,DQB1_0602,DQA1_0102,0
CAVGGLYNFNKFYF,CASSLLARETQYF,FTSDYYQLY,DQB1_0602,DQA1_0102,0
CAVCPLLSGGSNYKLTF,CASSFSTGHRDTQYF,TTDPSFLGRY,DQB1_0602,DQA1_0102,0
CAFNDYGQNFVF,CASSPALPGEGHYGYTF,VYFLQSINF,DQB1_0602,DQA1_0102,0
CILRGQTGANNLFF,CSALVGGMNTEAFF,YLQPRTFLL,DQB1_0602,DQA1_0102,0
CALINTGTASKLTF,CASSLAPGQDTDTQYF,DTDFVNEFY,DQB1_0602,DQA1_0102,0
CAMSARNYGGATNKLIF,CATSRNLGTSGEQFF,TTDPSFLGRY,DQB1_0602,DQA1_0102,0
CAVRRMDSSYKLIF,CASSGTSGTTSTDTQYF,GILGFVFTL,DQB1_0602,DQA1_0102,0
CAVVGVTNAGKSTF,CASSPGRAGDSYGYTF,RYPLTFGW,DQB1_0602,DQA1_0102,0
CVVSDNNNDMRF,CAISEPIGTGVYNEQFF,LLLDRLNQL,DQB1_0602,DQA1_0102,0
CAYYGYGQNFVF,CASSLYVEGETQYF,LTDEMIAQY,DQB1_0602,DQA1_0102,0
CAEKDTGGFKTIF,CASSTQGSTEAFF,CTELKLSDY,DQB1_0602,DQA1_0102,0
CVVNRGSNYKLTF,CASSLGWETQYF,RAKFKQLL,DQB1_0602,DQA1_0102,0
CAASLSSSASKIIF,CASSPPGGAGYGYTF,DTDFVNEFY,DQB1_0602,DQA1_0102,0
CAASRGTSYGKLTF,CASGLGAYEQYF,TTDPSFLGRY,DQB1_0602,DQA1_0102,0
CAPLPTGFQKLVF,CASSYSKQGHNNSPLHF,TTDPSFLGRY,DQB1_0602,DQA1_0102,0
CAMIGAAGNKLTF,CATKAGAFTDTQYF,FTSDYYQLY,DQB1_0602,DQA1_0102,0
CAFMKKGGSYIPTF,CASSSRTSVTYEQYF,PTDNYITTY,DQB1_0602,DQA1_0102,0
CAMSASYGQNFVF,CASSLRRTSGTNTGELFF,YLQPRTFLL,DQB1_0602,DQA1_0102,0
CLVGAGGGADGLTF,CASSIKTGGASGANVLTF,GLCTLVAML,DQB1_0602,DQA1_0102,0
CAASGANNLFF,CASSYSMPSGANVLTF,LLWNGPMAV,DQB1_0602,DQA1_0102,0
CALSEYSTNAGKSTF,CASSPGTDPSGANVLTF,LLLDRLNQL,DQB1_0602,DQA1_0102,0
CAVGEAAGNKLTF,CAWSSVRATNEKLFF,LTDEMIAQY,DQB1_0602,DQA1_0102,0
CAVIPPGNQFYF,CASSLELAGPREQFF,RPPIFIRRL,DQB1_0602,DQA1_0102,0
CILHRQGAQKLVF,CASSLVLGQGAVGYTF,NYNYLYRLF,DQB1_0602,DQA1_0102,0
CAYRSAQYGNKLVF,CASRRTGSTQFF,RVAGDSGFAAY,DQB1_0602,DQA1_0102,0
CAVNVYNQGGKLIF,CASCKRTGDGSTEAFF,FTSDYYQLY,DQB1_0602,DQA1_0102,0
CVSHGEGAQKLVF,CASSRGGRAGYEQYF,TTDPSFLGRY,DQB1_0602,DQA1_0102,0
CAVVGNARLMF,CASTEGGSPYNEQFF,LLLDRLNQL,DQB1_0602,DQA1_0102,0
CAFMKQVPAQGGSEKLVF,CASSGQRDKPNTDTQYF,PTDNYITTY,DQB1_0602,DQA1_0102,0
CAVKTDSWGKFQF,CASSFTGGDYGYTF,LLWNGPMAV,DQB1_0602,DQA1_0102,0
CILKRTDKLIF,CSARDLNTGLQETQYF,TTDPSFLGRY,DQB1_0602,DQA1_0102,0
CAVRSIEGGGADGLTF,CAAGRMGKGYTF,FTSDYYQLY,DQB1_0602,DQA1_0102,0
CATASGTYKYIF,CATSSDSTGWYEQYF,LLLDRLNQL,DQB1_0602,DQA1_0102,0
CAYRTYNQGGKLIF,CASSPGTAQGNTIYF,FTSDYYQLY,DQB1_0602,DQA1_0102,0
CLVGTINTGTASKLTF,CSASRDRVLVGGNEKLFF,ALSKGVHFV,DQB1_0602,DQA1_0102,0
CAVDLETTAGKLIF,CASSPDRVAGYTF,RAKFKQLL,DQB1_0602,DQA1_0102,0
CALVTGGSYIPTF,CASSLPMGPLHF,TTDPSFLGRY,DQB1_0602,DQA1_0102,0
CAAHTGTASKLTF,CASSWAPQRGETQYF,LTDEMIAQY,DQB1_0602,DQA1_0102,0
CAVRDGNTGFQKLVF,CASSFPAGGQYF,VYFLQSINF,DQB1_0602,DQA1_0102,0
CAVSDPDTGNQFYF,CASSQDHYGYTF,TTDPSFLGRY,DQB1_0602,DQA1_0102,0
CIVRFYSGNTPLVF,CSAKGLTNQPQHF,TTDPSFLGRY,DQB1_0602,DQA1_0102,0
CVVSASGGNEKLTF,CASSLVGAVGGYTF,NQKLIANQF,DQB1_0602,DQA1_0102,0
CAYRSLTGNQFYF,CSARGGAPNTEAFF,VYIGDPAQL,DQB1_0602,DQA1_0102,0
CAAWDAGKSTF,CASSLAETGGSQYF,ALSKGVHFV,DQB1_0602,DQA1_0102,0
CAVCNQAGTALIF,CSAISGRSDTQYF,GLCTLVAML,DQB1_0602,DQA1_0102,0
CAVRQTGGFKTIF,CASSLGGTHGELFF,ALSKGVHFV,DQB1_0602,DQA1_0102,0
CAFSSGNNAGNMLTF,CASSTRPAEQYF,LLWNGPMAV,DQB1_0602,DQA1_0102,0
CIVIGMNSGYSTLTF,CATSDIHLAGPNTQYF,FTSDYYQLY,DQB1_0602,DQA1_0102,0
CVVSINNARLMF,CATSDPPRTGELFF,YLQPRTFLL,DQB1_0602,DQA1_0102,0
CAASIGTGRRALTF,CASSQSDRAGYTF,TTDPSFLGRY,DQB1_0602,DQA1_0102,0
CAVEASGTYKYIF,CASRRQGADGYTF,LLLDRLNQL,DQB1_0602,DQA1_0102,0
CATALGYKLSF,CASSKWTSGSSGEQFF,FEDLRVLSF,DQB1_0602,DQA1_0102,0
CALRLSGNTGKLIF,CASRYTGTQVAGELFF,VYFLQSINF,DQB1_0602,DQA1_0102,0
CAMSAKSGGSNYKLTF,CASSLGTGEQYF,AEVQIDRLI,DQB1_0602,DQA1_0102,0
CIVRVEGSQGNLIF,CASSRDPASTDTQYF,TTDPSFLGRY,DQB1_0602,DQA1_0102,0
CIVSPRRTGTASKLTF,CASSVDSSAGWNEQYF,TTDPSFLGRY,DQB1_0602,DQA1_0102,0
CVVNRGEYGNKLVF,CASSRGGAWETQYF,LLLDRLNQL,DQB1_0602,DQA1_0102,0
CIVSPPSGGYQKVTF,CSARDDSGGAWEETQYF,TTDPSFLGRY,DQB1_0602,DQA1_0102,0
CAVSGNTGFQKLVF,CASSRGLAQLQETQYF,FTSDYYQLY,DQB1_0602,DQA1_0102,0
CAVSEPDKLIF,CASSFKETQYF,LTDEMIAQY,DQB1_0602,DQA1_0102,0
CALEPNAGKSTF,CAWSSGTGGNQPQHF,LTDEMIAQY,DQB1_0602,DQA1_0102,0
CAYRSAWSGNTPLVF,CASSSLDGDFSGNTIYF,FTSDYYQLY,DQB1_0602,DQA1_0102,0
CAVEDGGGFKTIF,CASSLFHTIYGYTF,FTSDYYQLY,DQB1_0602,DQA1_0102,0
CALSEDENRDDKIIF,CASSQSRVSSPLHF,VYFLQSINF,DQA1_0102,DQB1_0602,0
CAVNKGSNYGQNFVF,CSAATGTGETFYNQPQHF,CTELKLSDY,DQA1_0102,DQB1_0602,0
CAVTSPPIQGAQKLVF,CASSQGNGPYNEQFF,FTSDYYQLY,DQA1_0102,DQB1_0602,0
CAVHHTNTGNQFYF,CASSRGTGGKETQYF,LLLDRLNQL,DQA1_0102,DQB1_0602,0
CTQSSASKIIF,CASSQASGGLGETQYF,FTSDYYQLY,DQA1_0102,DQB1_0602,0
CAMILSGGSYIPTF,CSAPKNTEAFF,CTELKLSDY,DQA1_0102,DQB1_0602,0
CAGSYFGGKLIF,CSASVPGASQPQHF,NQKLIANQF,DQA1_0102,DQB1_0602,0
CAVSAYNTDKLIF,CASSHSADTQYF,FEDLRVSSF,DQA1_0102,DQB1_0602,0
CAVGSGQAGTALIF,CASSQDWTENYGYTF,TTDPSFLGRY,DQA1_0102,DQB1_0602,0
CVVSVGNNARLMF,CASSDGTDGGQPQHF,TTDPSFLGRY,DQA1_0102,DQB1_0602,0
CAVRVYNQGGKLIF,CASSFFDSSTEAFF,VYFLQSINF,DQA1_0102,DQB1_0602,0
CAVNWLNQFYF,CASSQEGSHTNTQYF,TTDPSFLGRY,DQA1_0102,DQB1_0602,0
CAAIRPRPEEGNTGKLIF,CASSGIPGNDNSPLHF,FTSDYYQLY,DQA1_0102,DQB1_0602,0
CAVNYLGARLMF,CASSLAGGGSEVQYF,DTDFVNEFY,DQA1_0102,DQB1_0602,0
CAGTPYSGGGADGLTF,CASSEWGTNYGYTF,PTDNYITTY,DQA1_0102,DQB1_0602,0
CAVNYLGRSLRF,CASTIPGNTGELFF,PTDNYITTY,DQA1_0102,DQB1_0602,0
CAVILYNTDKLIF,CASSHNYEQYF,QYIKWPWYI,DQA1_0102,DQB1_0602,0
CAVDRYGNKLVF,CASSQGGAGGLGTDTQYF,LTDEMIAQY,DQA1_0102,DQB1_0602,0
CAVGGLGSNSGYALNF,CASSYSTGGSTRAFF,TTDPSFLGRY,DQA1_0102,DQB1_0602,0
CAVAGTGANNLFF,CASSERGEAADTQYF,PTDNYITTY,DQA1_0102,DQB1_0602,0
CAYRSPIFGNEKLTF,CSPLLQGVSTEAFF,VYFLQSINF,DQA1_0102,DQB1_0602,0
CATRGGADGLTF,CASSQPGRSYEQYF,TTDPSFLGRY,DQA1_0102,DQB1_0602,0
CAVKAGGFKTIF,CASSTGIDSNQPQHF,TTDPSFLGRY,DQA1_0102,DQB1_0602,0
CAVGGGFKTIF,CASSFGQGTDTQYF,VYFLQSINF,DQA1_0102,DQB1_0602,0
CAVLNTDKLIF,CASSGEGTGFGNNEQFF,RYPLTFGW,DQA1_0102,DQB1_0602,0
CAGLNTGTASKLTF,CASSYGATYEQYF,TPRVTGGGAM,DQA1_0102,DQB1_0602,0
CAVYSGYALNF,CASSEWGSVNEKLFF,LLYDANYFL,DQA1_0102,DQB1_0602,0
CAVRDPYGGSQGNLIF,CASSPEYSYGYTF,FTSDYYQLY,DQA1_0102,DQB1_0602,0
CGARRGGGYNKLIF,CASSVAGRGQHTDTQYF,TTDPSFLGRY,DQA1_0102,DQB1_0602,0
CVVNLNDYKLSF,CASSPDRAYGYTF,TTDPSFLGRY,DQA1_0102,DQB1_0602,0
CAASSHYGNNRLAF,CASSFGQGSDTQYF,DTDFVNEFY,DQA1_0102,DQB1_0602,0
CAVTGGFKTIF,CASEAGQGSHGYTF,TTDPSFLGRY,DQA1_0102,DQB1_0602,0
CAVNYLGSNYKLTF,CASSLGTAGNSPLHF,ALSKGVHFV,DQA1_0102,DQB1_0602,0
CATKYYGQNFVF,CASSVGTDSNQPQHF,TTDPSFLGRY,DQA1_0102,DQB1_0602,0
CAFPTSGGGADGLTF,CASSGWDSSNEQFF,PTDNYITTY,DQA1_0102,DQB1_0602,0
CADRYQGGSEKLVF,CASSQGRGNYGYTF,VYIGDPAQL,DQA1_0102,DQB1_0602,0
CAASNRDYKLSF,CSARGLTGTQGEKLFF,FTSDYYQLY,DQA1_0102,DQB1_0602,0
CAGHLYINDMRF,CASSDVLSPYGYTF,LLLDRLNQL,DQA1_0102,DQB1_0602,0
CAIRSGNQFYF,CSARGLHSDTQYF,FTSDYYQLY,DQA1_0102,DQB1_0602,0
CAVSLYNTDKLIF,CASSHSVDEQYF,VYIGDPAQL,DQA1_0102,DQB1_0602,0
CAVGYLGQFYF,CASSYSPSGANVLTF,LLLDRLNQL,DQA1_0102,DQB1_0602,0
CAVKRLGKSTF,CASSQGQGADTQYF,TTDPSFLGRY,DQA1_0102,DQB1_0602,0
CAERPQAGTALIF,CASSFDSSNQPQHF,SPRWYFYYL,DQA1_0102,DQB1_0602,0
CAVPYNQGGKLIF,CASSSGLTVAKNIQYF,FTSDYYQLY,DQA1_0102,DQB1_0602,0
CAVVYLGGKLTF,CASSQGGTDTQYF,LLLDRLNQL,DQA1_0102,DQB1_0602,0
CAVGRLGDMRF,CASSYSPTGGGEQYF,LTDEMIAQY,DQA1_0102,DQB1_0602,0
CALSGRVRGNNNDMRF,CASSSILAGISYEQYF,LTDEMIAQY,DQA1_0102,DQB1_0602,0
CAVTEGAGGGADGLTF,CAISEGQSYGYTF,SPRWYFYYL,DQA1_0102,DQB1_0602,0
CAVSVYNTDKLIF,CASSHSRDTIYF,LTDEMIAQY,DQA1_0102,DQB1_0602,0
CAMSATEDMRF,CASSAAFSNSPLHF,QELIRQGTDY,DQA1_0102,DQB1_0602,0
CAVGYLGKLSF,CSARARQGNEKLFF,LLLDRLNQL,DQA1_0102,DQB1_0602,0
CAVSQSSGDKLTF,CASSTTRNTGELFF,ALSKGVHFV,DQA1_0102,DQB1_0602,0
CAVSDQPGGGNKLTF,CASSQDAHTSSPLHF,FTSDYYQLY,DQA1_0102,DQB1_0602,0
CAESTGSARQLTF,CSAPGQGPEQYF,TTDPSFLGRY,DQA1_0102,DQB1_0602,0
CVVSAMFAGNMLTF,CASSRGGASYEQYF,VYIGDPAQL,DQA1_0102,DQB1_0602,0
CAASAGSGGGADGLTF,CASSYSTSRGRGGYTF,ALSKGVHFV,DQA1_0102,DQB1_0602,0
CALNSGGYQKVTF,CASKPSAGEWNEQFF,ALSKGVHFV,DQA1_0102,DQB1_0602,0
CAMRGISGGYQKVTF,CASSYRQGGGYTF,RYPLTFGW,DQA1_0102,DQB1_0602,0
CAVPRSGNTGKLIF,CSARALDTDSPLHF,TTDPSFLGRY,DQA1_0102,DQB1_0602,0
CALSGNFGNEKLTF,CSASNGPNYEQYF,LLLDRLNQL,DQA1_0102,DQB1_0602,0
CAGRGGGADGLTF,CSARIAGTYEQYF,LLLDRLNQL,DQA1_0102,DQB1_0602,0
CAASIPQNAGNMLTF,CASSYGAGSGEQYF,TTDPSFLGRY,DQA1_0102,DQB1_0602,0
CAVNVHFARLMF,CASSPTGVSYEQYF,FTSDYYQLY,DQA1_0102,DQB1_0602,0
CAFQAPFGNEKLTF,CASSLIGGPNDEQYF,FTSDYYQLY,DQA1_0102,DQB1_0602,0
CAMRPGGNTPLVF,CASSVAQGNYEQYF,LTDEMIAQY,DQA1_0102,DQB1_0602,0
CAVDPNNARLMF,CASSRRGPQETQYF,TTDPSFLGRY,DQA1_0102,DQB1_0602,0
CAVRGDDKIIF,CASRRAGGQNQPQHF,FTSDYYQLY,DQA1_0102,DQB1_0602,0
CAMTVSGSARQLTF,CASSYADSSPGGGYTF,TTDPSFLGRY,DQA1_0102,DQB1_0602,0
CALSESGGSNYKLTF,CASSFSGGASDTQYF,GLCTLVAML,DQA1_0102,DQB1_0602,0
CAAKTPDKIIF,CASSLRGGFNNEQFF,TTDPSFLGRY,DQA1_0102,DQB1_0602,0
CAGERDDKIIF,CASSLRLGRAETQYF,FTSDYYQLY,DQA1_0102,DQB1_0602,0
CAERGPLGFQKLVF,CASSLSADNEQFF,LLLDRLNQL,DQA1_0102,DQB1_0602,0
CAMREITGTASKLTF,CASSTPGQGTYEQYF,NYNYLYRLF,DQA1_0102,DQB1_0602,0
CVVNLGPNTGTASKLTF,CASSPTSGSIADTQYF,PTDNYITTY,DQA1_0102,DQB1_0602,0
CILRASGNTPLVF,CASSLTGFSEQFF,FTSDYYQLY,DQA1_0102,DQB1_0602,0
CALMGSSSASKIIF,CASSEVRRLTGANVLTF,FTSDYYQLY,DQA1_0102,DQB1_0602,0
CAMSVRAAGNKLTF,CSARLVGDYNEQFF,LLLDRLNQL,DQA1_0102,DQB1_0602,0
CALNLGEDQFYF,CASSFESRETQYF,TTDPSFLGRY,DQA1_0102,DQB1_0602,0
CTLVNEGSWGKLQF,CSARAGTLNFDEQFF,VYFLQSINF,DQA1_0102,DQB1_0602,0
CSDRGRGSTLGRLYF,CSARDLGLDTGELFF,TTDPSFLGRY,DQA1_0102,DQB1_0602,0
CAHFGQGGSEKLVF,CASSLDSNEQFF,TTDPSFLGRY,DQA1_0102,DQB1_0602,0
CALSEVILTGGGNKLTF,CASSLRSEGSSYEQYF,AEVQIDRLI,DQA1_0102,DQB1_0602,0
CAVRRSSTGTASKLTF,CATKRERTDEQFF,TTDPSFLGRY,DQA1_0102,DQB1_0602,0
CILSAYGGGGADGLTF,CASSLLAGGNNEQFF,TTDPSFLGRY,DQA1_0102,DQB1_0602,0
CALSPTGGGNKLTF,CASSRQVVGEQFF,GILGFVFTL,DQA1_0102,DQB1_0602,0
CAPALGGAGSYQLTF,CASSLVAGGEQFF,VSDGGPNLY,DQA1_0102,DQB1_0602,0
CGRGGATNKLIF,CASSLARVLDRNEQFF,TTDPSFLGRY,DQA1_0102,DQB1_0602,0
CAASNGEGTYKYIF,CSARSPGTGDYGYTF,TTDPSFLGRY,DQA1_0102,DQB1_0602,0
CAASLTVGNQFYF,CASSLVYRDTDTQYF,LTDEMIAQY,DQA1_0102,DQB1_0602,0
CIVRVDNAGNMLTF,CSVPSGGAETQYF,LLLDRLNQL,DQA1_0102,DQB1_0602,0
CALISGGSNYKLTF,CASGPRSGSYNEQFF,SPRWYFYYL,DQA1_0102,DQB1_0602,0
CAASVGTGFQKLVF,CAWSVRGDTQYF,ALSKGVHFV,DQA1_0102,DQB1_0602,0
CAERGSQAGTALIF,CASSAKSVNTEAFF,FTSDYYQLY,DQA1_0102,DQB1_0602,0
CATGSGAGSYQLTF,CASSWGAGSNQPQHF,TTDPSFLGRY,DQA1_0102,DQB1_0602,0
CAAGSFQKLVF,CASSVGIYEQYF,ALSKGVHFV,DQA1_0102,DQB1_0602,0
CVVKVSSGGSNYKLTF,CATSPAAPPDTQYF,FTSDYYQLY,DQA1_0102,DQB1_0602,0
CALIAGSARQLTF,CASRPQGGLNYGYTF,NYNYLYRLF,DQA1_0102,DQB1_0602,0
CVVNKRGSYIPTF,CASSLRRTEDEKLFF,VYFLQSINF,DQA1_0102,DQB1_0602,0
CVVDSGGGADGLTF,CASSLSRSGEQFF,TTDPSFLGRY,DQA1_0102,DQB1_0602,0
CIVRVENDYKLSF,CASSQRTSGRVNNEQFF,LLYDANYFL,DQA1_0102,DQB1_0602,0
CIVRANQAGTALIF,CASSPSNMGYTF,RFPLTFGWCF,DQA1_0102,DQB1_0602,0
CIVREGTGRRALTF,CASSSLPRTGMSYTF,FTSDYYQLY,DQA1_0102,DQB1_0602,0
CAVTSSGNTPLVF,CASTTGLHTDTQYF,LTDEMIAQY,DQA1_0102,DQB1_0602,0
CAASIPGGGADGLTF,CAIRPDRGRETQYF,TTDPSFLGRY,DQA1_0102,DQB1_0602,0
CAYSAQGGSEKLVF,CSVEGLAGPSSYNEQFF,NYNYLYRLF,DQA1_0102,DQB1_0602,0
CALKNSNSGYALNF,CSVTTGTLSYEQYF,FTSDYYQLY,DQA1_0102,DQB1_0602,0
CGANPYLKAAGNKLTF,CASSTKGGISRYEQYF,FTSDYYQLY,DQA1_0102,DQB1_0602,0
CAVTSYNTDKLIF,CSAPEAGLVNIQYF,DTDFVNEFY,DQA1_0102,DQB1_0602,0
CAATYYGQNFVF,CSASPLGRGTEAFF,TTDPSFLGRY,DQA1_0102,DQB1_0602,0
CAAGWTDKLIF,CSANGGRSGNEQFF,VSDGGPNLY,DQA1_0102,DQB1_0602,0
CAAAYLGKSTF,CASGHSAGGSGNNEQFF,PTDNYITTY,DQA1_0102,DQB1_0602,0
CAVTGFGNEKLTF,CASSLETGLNYEQYF,LTDEMIAQY,DQA1_0102,DQB1_0602,0
CAFMKLYFGNEKLTF,CSAHRQGFGNTIYF,VLFGLGFAI,DQA1_0102,DQB1_0602,0
CAMRERDSSYKLIF,CASSQGGSNGYTF,DTDFVNEFY,DQA1_0102,DQB1_0602,0
CIVIRSSNTGKLIF,CASSLQSTGRHF,LTDEMIAQY,DQA1_0102,DQB1_0602,0
CAVGVYGQNFVF,CSAYPQGASNYGYTF,ALSKGVHFV,DQA1_0102,DQB1_0602,0
CAVTYLGGKLIF,CSARTLAGGGNEQFF,LLLDRLNQL,DQA1_0102,DQB1_0602,0
CAVPLSGNTGKLIF,CSARPMDTDSPLHF,TTDPSFLGRY,DQA1_0102,DQB1_0602,0
CAGQGMLGDKIIF,CASSLSGSNTGELFF,TTDPSFLGRY,DQA1_0102,DQB1_0602,0
CAVAVGFQKLVF,CSASGTQNQPQHF,AEVQIDRLI,DQA1_0102,DQB1_0602,0
CATAHRPTGTASKLTF,CSARGVTSGSNEQFF,TTDPSFLGRY,DQA1_0102,DQB1_0602,0
CAVVNTGKLIF,CASSLTEGGETDTQYF,TTDPSFLGRY,DQA1_0102,DQB1_0602,0
CAGLLFNDMRF,CAIMGDYTDTQYF,FTSDYYQLY,DQA1_0102,DQB1_0602,0
CAVSYLGKSTF,CASSQGQTDTQYF,FTSDYYQLY,DQA1_0102,DQB1_0602,0
CAALNTGKLIF,CSARGLREEVHQPQHF,NQKLIANQF,DQA1_0102,DQB1_0602,0
CAVNKEGGKLIF,CASSFGKDYGYTF,GILGFVFTL,DQA1_0102,DQB1_0602,0
CAVDRFDNYGQNFVF,CASSRLGTSGSTDTQYF,LTDEMIAQY,DQA1_0102,DQB1_0602,0
CAGRGLTGGGNKLTF,CATRGQLNTGELFF,QYIKWPWYI,DQA1_0102,DQB1_0602,0
CAVNKSPIVRKLIF,CASSVGGGDSPLHF,GLCTLVAML,DQA1_0102,DQB1_0602,0
CILKGTGANNLFF,CASSQEIGISPRRAFF,TTDPSFLGRY,DQA1_0102,DQB1_0602,0
CAMREASYNYGQNFVF,CASRLLLQGMGTEAFF,YVLDHLIVV,DQA1_0102,DQB1_0602,0
CALSEARVGFQKLVF,CASRSTGRTGNTIYF,TTDPSFLGRY,DQA1_0102,DQB1_0602,0
CIVDTGRRALTF,CSAQEVLNSGSSGGEQFF,FTSDYYQLY,DQA1_0102,DQB1_0602,0
CALQRSFQKLVF,CASSPMLQGASYEQYF,LTDEMIAQY,DQA1_0102,DQB1_0602,0
CAATYLGARLMF,CATSVGLAGDEYF,LLWNGPMAV,DQA1_0102,DQB1_0602,0
CAVSPGFKTIF,CASSEGQGTDTQYF,FEDLRVSSF,DQA1_0102,DQB1_0602,0
CIVRGNLQTGANNLFF,CASSPHRGLNEQYF,FEDLRLLSF,DQA1_0102,DQB1_0602,0
CAVKYLGKSTF,CSASPGGGTEAFF,TTDPSFLGRY,DQA1_0102,DQB1_0602,0
CAVKYLGQNFVF,CASSDRASGGLNEQFF,ALSKGVHFV,DQA1_0102,DQB1_0602,0
CAYRGSGGGADGLTF,CSARFSFNYGYTF,FTSDYYQLY,DQA1_0102,DQB1_0602,0
CAVAGGFKTIF,CASGAGQGSDTQYF,LTDEMIAQY,DQA1_0102,DQB1_0602,0
CAVSQYNTDKLIF,CASESLGASYNEQFF,PTDNYITTY,DQA1_0102,DQB1_0602,0
CAASRSLPGSTLTF,CSAFGQMNTEAFF,TTDPSFLGRY,DQA1_0102,DQB1_0602,0
CVVSPTGYSTLTF,CASSRGTQASEKLFF,TTDPSFLGRY,DQA1_0102,DQB1_0602,0
CAMSGGSWGKLQF,CSVDGGTGGYTF,LTDEMIAQY,DQA1_0102,DQB1_0602,0
CAVSLYNNNDMRF,CASSQGAKREPGELFF,VSDGGPNLY,DQA1_0102,DQB1_0602,0
CAVEDSSYKLIF,CSAGSGRAYEQYF,TTDPSFLGRY,DQA1_0102,DQB1_0602,0
CAVQGTDSSYKLIF,CSAPDLYNEQFF,VYIGDPAQL,DQA1_0102,DQB1_0602,0
CAVENNNDMRF,CASSLGPRTPKGQYF,VYFLQSINF,DQA1_0102,DQB1_0602,0
CAVLNRDDKIIF,CASSLRGLNYGYTF,NYNYLYRLF,DQA1_0102,DQB1_0602,0
CALAEGNTPLVF,CACRRPYEQYF,LLLDRLNQL,DQA1_0102,DQB1_0602,0
CAGAGNAGNMLTF,CAISGQFQNTGELFF,LLLDRLNQL,DQA1_0102,DQB1_0602,0
CLLVTTTSGTYKYIF,CASRGSGRTSTDTQYF,TTDPSFLGRY,DQA1_0102,DQB1_0602,0
CAVFSGNTPLVF,CASRGTPTQPQHF,VYFLQSINF,DQA1_0102,DQB1_0602,0
CALTPQGGYNKLIF,CASRYLANQYNEQFF,LTDEMIAQY,DQA1_0102,DQB1_0602,0
CAVQNQAGTALIF,CASSASQGLGGYGYTF,LTDEMIAQY,DQA1_0102,DQB1_0602,0
CATDEWGAQKLVF,CASSEVFRGLYGYTF,PTDNYITTY,DQA1_0102,DQB1_0602,0
CVPPPRQLTF,CASSFLGESAQETQYF,FTSDYYQLY,DQA1_0102,DQB1_0602,0
CAASGSSNTGKLIF,CASSIRGNTEAFF,LLLDRLNQL,DQA1_0102,DQB1_0602,0
CAMKSSSASKIIF,CASSLEGTGELFF,LLLDRLNQL,DQA1_0102,DQB1_0602,0
CAANNNAGNMLTF,CASSLGPGRVNEKLFF,RFPLTFGWCF,DQA1_0102,DQB1_0602,0
CAESIAMNTGFQKLVF,CASSLTRLAGGELFF,TTDPSFLGRY,DQA1_0102,DQB1_0602,0
CARPANSGNTPLVF,CASSNNYGYTF,ALSKGVHFV,DQA1_0102,DQB1_0602,0
CAASSMTDSWGKLQF,CASSPNGDRDYEQYF,ALSKGVHFV,DQA1_0102,DQB1_0602,0
CAASDQAGTALIF,CASSQDVRQGGYGYTF,TTDPSFLGRY,DQA1_0102,DQB1_0602,0
CVVNIENAGNMLTF,CASSRGRVGESSYEQYF,LTDEMIAQY,DQA1_0102,DQB1_0602,0
CAMSFAGSARQLTF,CATSDPSGGASNEQFF,TTDPSFLGRY,DQA1_0102,DQB1_0602,0
CAVDTSYNNNDMRF,CATSRDLRSSSTDTQYF,LLLDRLNQL,DQA1_0102,DQB1_0602,0
CALSDHDTGGFKTIF,CATSTGEGGPGNTIYF,TTDPSFLGRY,DQA1_0102,DQB1_0602,0
CVVNIGGTSYGKLTF,CSAGGRGRPGSYNEQFF,DTDFVNEFY,DQA1_0102,DQB1_0602,0
CAATGANNLFF,CSASGTGDNQPQHF,VYIGDPAQL,DQA1_0102,DQB1_0602,0
CATDADNTGNQFYF,CSASYGSSYNSPLHF,TTDPSFLGRY,DQA1_0102,DQB1_0602,0
CAVEEGGGADGLTF,CASRGGASTDTQYF,TTDPSFLGRY,DQA1_0102,DQB1_0602,0
CALSEGGAQKLVF,CASSLNRGEQFF,FEDLRVSSF,DQA1_0102,DQB1_0602,0
CAGQLSGNEKLTF,CASSLSAREANEQYF,YVLDHLIVV,DQA1_0102,DQB1_0602,0
CAPEWGGSQGNLIF,CASSQDVRGQPQHF,FEDLRVLSF,DQA1_0102,DQB1_0602,0
CAVSPTGANSKLTF,CSANRGPYEQYF,TTDPSFLGRY,DQB1_0602,DQA1_0102,0
CVVSPLGGKLIF,CASSWHRDRGRDEQFF,LTDEMIAQY,DQB1_0602,DQA1_0102,0
CAVSDSGGFKTIF,CASSFQGQSYEQYF,LLLDRLNQL,DQB1_0602,DQA1_0102,0
CAMSEGSGYSTLTF,CASSLSTDTQYF,VYFLQSINF,DQB1_0602,DQA1_0102,0
CAGGRAGTYKYIF,CASSLDRPTGTEAFF,GILGFVFTL,DQB1_0602,DQA1_0102,0
CAVWGSQGNLIF,CSARVTSGSRETQYF,TTDPSFLGRY,DQB1_0602,DQA1_0102,0
CAGGGIETSGSRLTF,CASTLPGLGSPLHF,YVLDHLIVV,DQB1_0602,DQA1_0102,0
CAASVVNFLETSGSRLTF,CASSLKDRGPATEAFF,DTDFVNEFY,DQB1_0602,DQA1_0102,0
CAGRASYNNNDMRF,CASSPPGRSGNTIYF,YLQPRTFLL,DQB1_0602,DQA1_0102,0
CIVRVAVYNFNKFYF,CASTDGGPQHF,DTDFVNEFY,DQB1_0602,DQA1_0102,0
CAVFTNAGKSTF,CASSPPVDRGRHEQYF,VYIGDPAQL,DQB1_0602,DQA1_0102,0
CATGRKSSGDKLTF,CSARTGSSYNEQFF,TTDPSFLGRY,DQB1_0602,DQA1_0102,0
CALSVLTSYGKLTF,CASSLLFTDTQYF,FTSDYYQLY,DQB1_0602,DQA1_0102,0
CAVRPGNTPLVF,CASSPARYSNQPQHF,FTSDYYQLY,DQB1_0602,DQA1_0102,0
CAFTPNRDDKIIF,CASSKLGGAGNEQFF,NYNYLYRLF,DQB1_0602,DQA1_0102,0
CALSSRNFNKFYF,CASRGQPTNYGYTF,VYFLQSINF,DQB1_0602,DQA1_0102,0
CAVNAGRSGGYQKVTF,CASSPGLESYNEQFF,LLLDRLNQL,DQB1_0602,DQA1_0102,0
CAVQARSWGKLQF,CASTGSYNSPLHF,LLLDRLNQL,DQB1_0602,DQA1_0102,0
CAMTYGSGNTGKLIF,CASSLAQEALKYEQYF,LLLDRLNQL,DQB1_0602,DQA1_0102,0
CAEKKTSYDKVIF,CASTRSGTVNEKLFF,LLLDRLNQL,DQB1_0602,DQA1_0102,0
CAVGGSSNTGKLIF,CASSLAGGEAYEQYF,LLWNGPMAV,DQB1_0602,DQA1_0102,0
CAVSETNFGNEKLTF,CASSGGPPTHEQYF,YLQPRTFLL,DQB1_0602,DQA1_0102,0
CAVSDPGGATNKLIF,CASSWGKGNQPQHF,ALSKGVHFV,DQB1_0602,DQA1_0102,0
CAVESGGYNKLIF,CAISEGGGPSSYEQYF,QELIRQGTDY,DQB1_0602,DQA1_0102,0
CAFPNEAGNMLTF,CASSFLTAGAFF,LLLDRLNQL,DQB1_0602,DQA1_0102,0
CAVREGGTGTASKLTF,CASSPPAPTHTF,LLLDRLNQL,DQB1_0602,DQA1_0102,0
CAVEDPNSGYSTLTF,CASSIGDTQYF,TTDPSFLGRY,DQB1_0602,DQA1_0102,0
CAVVSGAGSYQLTF,CAWSLGLYGYTF,PTDNYITTY,DQB1_0602,DQA1_0102,0
CAPANQAGTALIF,CASSLKPNSYNEQFF,TTDPSFLGRY,DQB1_0602,DQA1_0102,0
CAGGDSSYKLIF,CAISRDRGSGNTIYF,LTDEMIAQY,DQB1_0602,DQA1_0102,0
CAATPPGGYQKVTF,CATSRAETQYF,TSTLQEQIGW,DQB1_0602,DQA1_0102,0
CAVSVPDTGRRALTF,CASSPAPGTTNTGELFF,TTDPSFLGRY,DQB1_0602,DQA1_0102,0
CALSDQIQGAQKLVF,CASHFMNTEAFF,YVLDHLIVV,DQB1_0602,DQA1_0102,0
CALSEETSGSRLTF,CASSITGASGNTIYF,LLLDRLNQL,DQB1_0602,DQA1_0102,0
CILRDGVGNEKLTF,CSVPGTWNYNEQFF,LLYDANYFL,DQB1_0602,DQA1_0102,0
CARRDNYGQNFVF,CASSLSGLNTEAFF,FTSDYYQLY,DQB1_0602,DQA1_0102,0
CAVRHSSGSARQLTF,CASSLGRLAELDTQYF,VYFLQSINF,DQB1_0602,DQA1_0102,0
CAVIPPISSGSARQLTF,CASSLGSQGRYEQYF,VYFLQSINF,DQB1_0602,DQA1_0102,0
CAVSEGQAGTALIF,CASKPTGDTGELFF,FTSDYYQLY,DQB1_0602,DQA1_0102,0
CAANAGYSTLTF,CASSYGGPGSNQPQHF,PTDNYITTY,DQB1_0602,DQA1_0102,0
CAMSATGTASKLTF,CASSAGGRTQYF,GILGFVFTL,DQB1_0602,DQA1_0102,0
CAENTNTGNQFYF,CASSLTSYNEQFF,SPRWYFYYL,DQB1_0602,DQA1_0102,0
CAENAGGTSYGKLTF,CSARAGYGTDTQYF,LLLDRLNQL,DQB1_0602,DQA1_0102,0
CVVVRNTDKLIF,CSASLDRGDEQYF,VLFGLGFAI,DQB1_0602,DQA1_0102,0
CIHLSPPNSGYALNF,CSVGQGITYEQYF,NYNYLYRLF,DQB1_0602,DQA1_0102,0
CAVDSRYSTLTF,CASSVDTEAFF,LLLDRLNQL,DQB1_0602,DQA1_0102,0
CAGKSGGSNYKLTF,CASSRLVQAWEVTEAFF,YLQPRTFLL,DQB1_0602,DQA1_0102,0
CATDLGGSYIPTF,CASSERGTEAFF,NYNYLYRLF,DQB1_0602,DQA1_0102,0
CAFYWPGNEKLTF,CASSEHDSSLHF,TPRVTGGGAM,DQB1_0602,DQA1_0102,0
CIVGYARLMF,CSASSGRRDTQYF,NYNYLYRLF,DQB1_0602,DQA1_0102,0
CAYRRNTGNQFYF,CASSGLQGSSSPLHF,TTDPSFLGRY,DQB1_0602,DQA1_0102,0
CALSDTGAGGTSYGKLTF,CASSLSFESDGYTF,TTDPSFLGRY,DQB1_0602,DQA1_0102,0
CALSNNYGQNFVF,CASSVGAGGPQSTDTQYF,NYNYLYRLF,DQB1_0602,DQA1_0102,0
CVVSGRGGADGLTF,CASSHPGLNTEAFF,VSDGGPNLY,DQB1_0602,DQA1_0102,0
CAMRETGANNLFF,CASSRKTSGGTDTQYF,DTDFVNEFY,DQB1_0602,DQA1_0102,0
CIAGRNSGNTPLVF,CASSDPRLAGGSYNEQFF,LLWNGPMAV,DQB1_0602,DQA1_0102,0
CVVNVKPNTGFQKLVF,CASHPSGGVTDTQYF,CLGGLLTMV,DQB1_0602,DQA1_0102,0
CAVERGYGQNFVF,CASRDGRNTEAFF,ALSKGVHFV,DQB1_0602,DQA1_0102,0
CAVLSGSARQLTF,CASSLRGSIYEQYF,LLLDRLNQL,DQB1_0602,DQA1_0102,0
CAGAGRNDKVIF,CSALIPGADTQYF,PTDNYITTY,DQB1_0602,DQA1_0102,0
CALSVRGGSEKLVF,CSATTLNRVSETQYF,TTDPSFLGRY,DQB1_0602,DQA1_0102,0
CAVGGAGYNTDKLIF,CASREGTTYEQYF,VYFLQSINF,DQB1_0602,DQA1_0102,0
CAYRSANFGNEKLTF,CASSLEPYNSPLHF,TTDPSFLGRY,DQB1_0602,DQA1_0102,0
CAMREGPDTGGFKTIF,CASLPGSHGNIQYF,LTDEMIAQY,DQB1_0602,DQA1_0102,0
CAFLNQAGTALIF,CASSYSKYTEAFF,ALSKGVHFV,DQB1_0602,DQA1_0102,0
CAENIGAGSYQLTF,CAWSVNSGNTIYF,TTDPSFLGRY,DQB1_0602,DQA1_0102,0
CAMSGPRDYKLSF,CASSGPRIEYGPNIQYF,TTDPSFLGRY,DQB1_0602,DQA1_0102,0
CAVFAGTASKLTF,CASSQGRGSYEQYF,YLQPRTFLL,DQB1_0602,DQA1_0102,0
CAGADPYFGNEKLTF,CASSLGRPGTDTQYF,TTDPSFLGRY,DQB1_0602,DQA1_0102,0
CAFMGGGQGAQKLVF,CASSLLFPGRSQNGGYTF,TTDPSFLGRY,DQB1_0602,DQA1_0102,0
CATDLAGSARQLTF,CASSLDPYSYNEQFF,DTDFVNEFY,DQB1_0602,DQA1_0102,0
CAVFNYGQNFVF,CASSEAGGPVEQFF,TTDPSFLGRY,DQB1_0602,DQA1_0102,0
CAMREGYNDYKLSF,CAWSAGGSGEQYF,LLLDRLNQL,DQB1_0602,DQA1_0102,0
CVVSHSGGYQKVTF,CASSEYGNTEAFF,TTDPSFLGRY,DQB1_0602,DQA1_0102,0
CILRNPLNFGNEKLTF,CASSLTPGSSTDTQYF,TTDPSFLGRY,DQB1_0602,DQA1_0102,0
CAPIQGAQKLVF,CASSGRDRIGFTSPLHF,LLLDRLNQL,DQB1_0602,DQA1_0102,0
CAVTWNNNARLMF,CASSLSISRDNGYTF,TTDPSFLGRY,DQB1_0602,DQA1_0102,0
CAERNTGGFKTIF,CASSRDLMSTEAFF,TTDPSFLGRY,DQB1_0602,DQA1_0102,0
CAPTDQAGTALIF,CASSLDGLNTGELFF,TTDPSFLGRY,DQB1_0602,DQA1_0102,0
CAESSTGTASKLTF,CASGLSISRDNGYTF,RYPLTFGWCF,DQB1_0602,DQA1_0102,0
CAVVKKSSGDKLTF,CASSLWAANTEAFF,VYFLQSINF,DQB1_0602,DQA1_0102,0
CAMRSYNTDKLIF,CASSRRRTSGSPYEQYF,LLLDRLNQL,DQB1_0602,DQA1_0102,0
CALSDLNRDDKIIF,CSVDERGGGNEQFF,TTDPSFLGRY,DQB1_0602,DQA1_0102,0
CADISSNTGKLIF,CASSLTPGFSTDTQYF,FTSDYYQLY,DQB1_0602,DQA1_0102,0
CAVRDRGAKAAGNKLTF,CASTDTATNEKLFF,DTDFVNEFY,DQB1_0602,DQA1_0102,0
CALSGGLIQGAQKLVF,CSARDWGSTDTQYF,TTDPSFLGRY,DQB1_0602,DQA1_0102,0
CAIPNSGGSNYKLTF,CASRTGQGTYGYTF,TTDPSFLGRY,DQB1_0602,DQA1_0102,0
CAMISGGATNKLIF,CASSHEAGSRGADTQYF,RAKFKQLL,DQB1_0602,DQA1_0102,0
CVVRGPDARLMF,CSARGRHENTGELFF,LTDEMIAQY,DQB1_0602,DQA1_0102,0
CAVSGISNAGKSTF,CASSPRGDSSNQPQHF,NYNYLYRLF,DQB1_0602,DQA1_0102,0
CAVNTGANSKLTF,CASRVGPSATYEQYF,FTSDYYQLY,DQB1_0602,DQA1_0102,0
CIVRVAISGNEKLTF,CASSLQGPDTQYF,LTDEMIAQY,DQB1_0602,DQA1_0102,0
CAVGGAGSSYKLIF,CASSSWGTATNEKLFF,TTDPSFLGRY,DQB1_0602,DQA1_0102,0
CIVRVAMNSGGSNYKLTF,CASTPRGGTQYF,LLLDRLNQL,DQB1_0602,DQA1_0102,0
CLVGDNNTDKLIF,CASSRTGFYGYTF,TTDPSFLGRY,DQB1_0602,DQA1_0102,0
CILRDGYSSASKIIF,CASSFGHLDQQFF,LLLDRLNQL,DQB1_0602,DQA1_0102,0
CILRPHSGNTPLVF,CAWRADYNQPQHF,LLLDRLNQL,DQB1_0602,DQA1_0102,0
CAMREEGTGNQFYF,CASSQVVMGGSQETQYF,LLLDRLNQL,DQB1_0602,DQA1_0102,0
CAASKGNTGFQKLVF,CASSVSPSHEQYF,TTDPSFLGRY,DQB1_0602,DQA1_0102,0
CALSTMFSGGYNKLIF,CASSLRTGYNEQFF,TTDPSFLGRY,DQB1_0602,DQA1_0102,0
CSSGSGNTGKLIF,CASSRDLGAEAFF,ALSKGVHFV,DQB1_0602,DQA1_0102,0
CVVPNNNDMRF,CASSLPGQGYGYTF,VTEHDTLLY,DQB1_0602,DQA1_0102,0
CAVEDKTGGFKTIF,CASSSQQLHQETQYF,VYFLQSINF,DQB1_0602,DQA1_0102,0
CALGVYGQNFVF,CASSGAGGFYNEQFF,NQKLIANQF,DQB1_0602,DQA1_0102,0
CAANNNDMRF,CASSPPSHGYTF,FTSDYYQLY,DQB1_0602,DQA1_0102,0
CAMTGLTGGGNKLTF,CAWSVSGSNQPQHF,FEDLRVSSF,DQB1_0602,DQA1_0102,0
CAMSDGSGTYKYIF,CASSQTGVHSRLHF,ALSKGVHFV,DQB1_0602,DQA1_0102,0
CVVNRDGGGADGLTF,CATEALTGNQPQHF,LLLDRLNQL,DQB1_0602,DQA1_0102,0
CAGAQSKSRGSQGNLIF,CGTSGYNEQFF,ALSKGVHFV,DQB1_0602,DQA1_0102,0
CAVRRNTDKLIF,CAISWGQGPFNEKLFF,VYIGDPAQL,DQB1_0602,DQA1_0102,0
CATRGNQGGKLIF,CASSFSGTRTGELFF,TTDPSFLGRY,DQA1_0102,DQB1_0602,0
CAVETGGSYIPTF,CASSGSGQGRAFF,FTSDYYQLY,DQA1_0102,DQB1_0602,0
CALSSLWGEKLTF,CASSGQGSYEQYF,LLWNGPMAV,DQA1_0102,DQB1_0602,0
CALSGDVYGGSQGNLIF,CASSSSGQGGNSPLHF,LLWNGPMAV,DQA1_0102,DQB1_0602,0
CAVNWGGNSGAGSYQLTF,CASSFEGSGDTQYF,FTSDYYQLY,DQA1_0102,DQB1_0602,0
CAENPNSGGSNYKLTF,CASSFGGSSYNEQFF,VYFLQSINF,DQA1_0102,DQB1_0602,0
CAVSDPGGKLIF,CASSFLGRVVGEQYF,TTDPSFLGRY,DQA1_0102,DQB1_0602,0
CAVQAGNYGQNFVF,CASSFLGTRDHGYTF,LLLDRLNQL,DQA1_0102,DQB1_0602,0
CALSDPGTGNQFYF,CASSFLGTRNYGYTF,LLLDRLNQL,DQA1_0102,DQB1_0602,0
CIVYGGFKTIF,CASSLRSTDTQYF,FTSDYYQLY,,DQB1_0201,0
CLVGGGADGLTF,CASSVRTLDTGELF,QYIKWPWYI,,DQB1_0201,0
CLVGHGSSNTGKLIF,CASSLRWGDGGKLF,YLQPRTFLL,,DQB1_0201,0
CVVNSWAGNQF,CASSLGYGVSTGELF,QYIKWPWYI,,DQB1_0201,0
CAVDSSARQLTF,CASTHGTDTQYF,DTDFVNEFY,DRA_0101,DRB1_0101,0
CAALSGGGADGLTF,CASSWGQQNYGYTF,VYFLQSINF,DRA_0101,DRB1_0101,0
CAGLSGGGADGLTF,CASSVGQRNYGYTF,LLLDRLNQL,DRA_0101,DRB1_0101,0
CAAIDTGAGSYQLTF,CASSLDRSMGPQHF,ALSKGVHFV,DRA_0101,DRB1_0101,0
CAVNEGSSNTGKLIF,CASSYRGQAGYTF,TTDPSFLGRY,DRA_0101,DRB1_0101,0
CAAGFGNEKLTF,CASSLGPYNEQFF,RVAGDSGFAAY,DRA_0101,DRB1_0101,0
CAVREYGGATNKLIF,CASSLNWLSYNEQFF,FTSDYYQLY,DRA_0101,DRB1_0101,0
CALSGGTGGGSNYKLTF,CAWSVRGGRSPLHF,TTDPSFLGRY,DRA_0101,DRB1_0101,0
CAMGPRRGSNYKLTF,CASSRTGGNEQFF,CTELKLSDY,DRA_0101,DRB1_0101,0
CAPLGYGNKLVF,CASGDRGRPNYGYTF,TTDPSFLGRY,DRA_0101,DRB1_0101,0
CAVIGGGYQKVTF,CASSSQLAREQYF,NTNSSPDDQIGYY,DRB1_0701,,0
CAVYNNDMRF,CASSQLQGFYGYTF,VYFLQSINF,DRB1_0701,,0
CAVNAGANNLFF,CASSLLGVEQFF,TTDPSFLGRY,DRB1_0701,,0
CVVSGRSGGYQKVTF,CASSREGGASYNEQFF,TTDPSFLGRY,DRB1_0701,,0
CAVRINAGGTSYGKLTF,CASRQTGGVGELFF,LLLDRLNQL,DRB1_0701,,0
CAVRTNAGKSTF,CASSQVPTGTAWGYTF,LLLDRLNQL,DRB1_0701,,0
CAVTLSGTYKYIF,CAGKAQGALNTDTQYF,VYFLQSINF,DRB1_0701,,0
CATDLAAGNKLTF,CASSLPGQLNYGYTF,FTSDYYQLY,DRB1_0701,,0
CAVRTGANSKLTF,CASSLVGYGYTF,TTDPSFLGRY,DRB1_0701,,0
CAVLNAGGTSYGKLTF,CASSVAAGRSSGANVLTF,FTSDYYQLY,DRB1_0701,,0
CIVRVPNFGNEKLTF,CASSIGTGSSYNSPLHF,ALSKGVHFV,DRB1_0701,,0
CAVRQNAGNMLTF,CASSRGLAVNTGELFF,TTDPSFLGRY,DRB1_0701,,0
CAVDGTDKLIF,CASSLRGDYGYTF,LLLDRLNQL,DPB1_0401,,0
CAAQNYGGSQGNLIF,CASSPRGANGYTF,FTSDYYQLY,DPB1_0401,,0
CAAMNYGGSQGNLIF,CASSTGQGALGYTF,LTDEMIAQY,DPB1_0401,,0
CAEMNYGGSQGNLIF,CASSLTGGKGYTF,GLCTLVAML,DPB1_0401,,0
CAGRNYGGSQGNLIF,CASSASVGYTF,ALSKGVHFV,DPB1_0401,,0
CAGLLYGGSQGNLIF,CASSSRGGNEQFF,NYNYLYRLF,DPB1_0401,,0
CATINYGGSQGNLIF,CASSVRDRVNTGELFF,VSDGGPNLY,DPB1_0401,,0
