prot,processed_seq_1,processed_seq_2
DPB1_0101,YGQEYYAEERADCRYEALQ,YGQEYYAEDLEKRAPDVCRYEALQ
DPB1_0201,FGQEYYAEERADCRYGPLQ,FGQEYYAEDLEERAPDMCRYGPLQ
DPB1_0202,FGQEYYAEERADCRYGPLQ,FGQEYYAEDLEERAPDMCRYGPLQ
DPB1_0301,YLQEYYADERADCRYEALQ,YLQEYYADDLEKRAPDVCRYEALQ
DPB1_0401,FGQEYYAEERADCRYGPLQ,FGQEYYAEDLEKRAPDMCRYGPLQ
DPB1_0402,FGQEYYAEERADCRYGPLQ,FGQEYYAEDLEKRAPDMCRYGPLQ
DPB1_0501,FGQEYYAEERADCRYEALQ,FGQEYYAEDLEKRAPDMCRYEALQ
DPB1_0601,YLQEYYADERADCRYEALQ,YLQEYYADDLEERAPDMCRYEALQ
DPB1_0801,FGQEYYAEERADCRYEALQ,FGQEYYAEDLEERAPDVCRYEALQ
DPB1_0901,HLQEYYADERADCRYEALQ,HLQEYYADDLEERAPDVCRYEALQ
DPB1_1001,HLQEYYAEERADCRYEALQ,HLQEYYAEDLEERAPDVCRYEALQ
DPB1_1101,YLQEYYAEERADCRYEALQ,YLQEYYAEDLERRAPDMCRYEALQ
DPB1_1301,YLQEYYAEERADCRYEALQ,YLQEYYAEDLEERAPDICRYEALQ
DPB1_1401,HLQEYYADERADCRYEALQ,HLQEYYADDLEKRAPDVCRYEALQ
DPB1_1501,YGQEYYAEERADCRYGPLQ,YGQEYYAEDLERRAPDMCRYGPLQ
DPB1_1601,FGQEYYAEERADCRYEALQ,FGQEYYAEDLEERAPDMCRYEALQ
DPB1_1701,HLQEYYADERADCRYEALQ,HLQEYYADDLEERAPDMCRYEALQ
DPB1_1801,YGQEYYAEERADCRYGPLQ,YGQEYYAEDLEKRAPDMCRYGPLQ
DPB1_1901,FGQEYYAEERADCRYEALQ,FGQEYYAEDLEERAPDICRYEALQ
DPB1_2001,YLQEYYADERADCRYEALQ,YLQEYYADDLEKRAPDMCRYEALQ
DPB1_2101,YLQEYYAEERADCRYEALQ,YLQEYYAEDLEERAPDMCRYEALQ
DPB1_2201,FGQEYYAEERADCRYEALQ,FGQEYYAEDLEERAPDMCRYEALQ
DPB1_2301,FGQEYYAEERADCRYGPLQ,FGQEYYAEDLEKRAPDMCRYGPLQ
DPB1_2401,FGQEYYAEERADCRYGPLQ,FGQEYYAEDLEKRAPDMCRYGPLQ
DPB1_2501,YLQEYYAEERADCRYEALQ,YLQEYYAEDLEKRAPDVCRYEALQ
DPB1_2601,YLQEYYAEERADCRYEALQ,YLQEYYAEDLEKRAPDVCRYEALQ
DPB1_2701,YLQEYYAEERADCRYEALQ,YLQEYYAEDLEKRAPDMCRYEALQ
DPB1_2801,FGQEYYAEERADCRYGPLQ,FGQEYYAEDLEKRAPDMCRYGPLQ
DPB1_2901,YLQEYYADERADCRYEALQ,YLQEYYADDLEERAPDVCRYEALQ
DPB1_3001,HLQEYYAEERADCRYEALQ,HLQEYYAEDLEERAPDMCRYEALQ
DPB1_3101,FGQEYYAEERADCRYEALQ,FGQEYYAEDLEKRAPDMCRYEALQ
DPB1_3301,FGQEYYAEERADCRYGPLQ,FGQEYYAEDLEERAPDMCRYGPLQ
DPB1_3401,FGQEYYAEERADCRYGPLQ,FGQEYYAEDLEKRAPDMCRYGPLQ
DPB1_3501,HLQEYYADERADCRYEALQ,HLQEYYADDLEKRAPDVCRYEALQ
DPB1_3601,YLQEYYAEERADCRYEALQ,YLQEYYAEDLEKRAPDMCRYEALQ
DPB1_3701,YLQEYYAEERADCRYEALQ,YLQEYYAEDLEERAPDVCRYEALQ
DPB1_3801,FGQEYYAEERADCRYEALQ,FGQEYYAEDLEKRAPDMCRYEALQ
DPB1_3901,FGQEYYAEERADCRYGPLQ,FGQEYYAEDLEKRAPDMCRYGPLQ
DPB1_4001,FGQEYYAEERADCRYGPLQ,FGQEYYAEDLEKRAPDMCRYGPLQ
DPB1_4101,FGQEYYAEERADCRYGPLQ,FGQEYYAEDLEERAPDMCRYGPLQ
DPB1_4501,HLQEYYAEERADCRYEALQ,HLQEYYAEDLEKRAPDVCRYEALQ
DPB1_4601,FGQEYYADERADCRYGPLQ,FGQEYYADDLEERAPDMCRYGPLQ
DPB1_4701,FGQEYYAEERADCRYGPLQ,FGQEYYAEDLEERAPDMCRYGPLQ
DPB1_4801,FGQEYYAEERADCRYGPLQ,FGQEYYAEDLEERAPDMCRYGPLQ
DPB1_4901,FGQEYYAEERADCRYGPLQ,FGQEYYAEDLEKRAPDMCRYGPLQ
DPB1_5001,YGQEYYADERADCRYEALQ,YGQEYYADDLEKRAPDVCRYEALQ
DPB1_5101,FGQEYYAEERADCRYGPLQ,FGQEYYAEDLEKRAPDMCRYGPLQ
DPB1_5201,YLQEYYAEERADCRYEALQ,YLQEYYAEDLEKRAPDVCRYEALQ
DPB1_5301,FGQEYYAEERADCRYGPLQ,FGQEYYAEDLEKRAPDMCRYGPLQ
DPB1_5401,HLQEYYAEERADCRYEALQ,HLQEYYAEDLEERAPDVCRYEALQ
DPB1_5501,HLQEYYAEERADCRYEALQ,HLQEYYAEDLEERAPDMCRYEALQ
DPB1_5701,FGQEYYADERADCRYEALQ,FGQEYYADDLEKRAPDVCRYEALQ
DPB1_5801,HLQEYYAEERADCRYEALQ,HLQEYYAEDLEERAPDMCRYEALQ
DPB1_5901,FGQEYYAEERADCRYGPLQ,FGQEYYAEDLEKRAPDMCRYGPLQ
DPB1_6301,FGQEYYAEERADCRYEALQ,FGQEYYAEDLEKRAPDMCRYEALQ
DPB1_6501,FGQEYYAEERADCRYEALQ,FGQEYYAEDLEKRAPDVCRYEALQ
DPB1_6601,HLQEYYAEERADCRYGPLQ,HLQEYYAEDLEKRAPDMCRYGPLQ
DPB1_6701,HLQEYYAEERADCRYEALQ,HLQEYYAEDLEKRAPDVCRYEALQ
DPB1_6901,YLQEYYADERADCRYEALQ,YLQEYYADDLERRAPDMCRYEALQ
DPB1_7101,FGQEYYAEERADCRYGPLQ,FGQEYYAEDLEERAPDMCRYGPLQ
DPB1_7201,FGQEYYAEERADCRYGPLQ,FGQEYYAEDLEKRAPDMCRYGPLQ
DPB1_7501,FGQEYYAEERADCRYGPLQ,FGQEYYAEDLEKRAPDVCRYGPLQ
DPB1_7601,HLQEYYADERADCRYEALQ,HLQEYYADDLEKRAPDVCRYEALQ
DPB1_7701,FGQEYYAEERADCRYGPLQ,FGQEYYAEDLEKRAPDMCRYGPLQ
DPB1_7801,YLQEYYADERADCRYEALQ,YLQEYYADDLEKRALDVCRYEALQ
DPB1_7901,YLQEYYAEERADCRYEALQ,YLQEYYAEDLEKRAPDVCRYEALQ
DPB1_8001,FGQEYYADERADCRYGPLQ,FGQEYYADDLEKRAPDMCRYGPLQ
DPB1_8101,FGQEYYAEERADCRYGPLQ,FGQEYYAEDLEERAPDMCRYGPLQ
DPB1_8201,FGQEYYAEERADCRYGPLQ,FGQEYYAEDLEKRAPDMCRYGPLQ
DPB1_8301,FGQEYYAEERADCRYGPLQ,FGQEYYAEDLEKRAPDMCRYGPLQ
DPB1_8501,YLQEYYAEERADCRYEALQ,YLQEYYAEDLEKRAPDMCRYEALQ
DPB1_8701,YLQEYYAEERADCRYEALQ,YLQEYYAEDLEKRAPDMCRYEALQ
DPB1_8801,YLQEYYADERADCRYEALQ,YLQEYYADDLEERAPDVCRYEALQ
DPB1_9001,YGQEYYAEERADCRYEALQ,YGQEYYAEDLEKRAPDVCRYEALQ
DPB1_9101,HLQEYYADERADCRYEALQ,HLQEYYADDLEKRAPDMCRYEALQ
DPB1_9201,YLQEYYADERADCRYEALQ,YLQEYYADDLEKRAPDVCRYEALQ
DPB1_9301,YLQEYYAEERADCRYEALQ,YLQEYYAEDLEERAPDMCRYEALQ
DPB1_9901,FGQEDYAEERADCRYGPLQ,FGQEDYAEDLEKRAPDMCRYGPLQ
DPB1_10201,FGQEYYAEERADCRYEALQ,FGQEYYAEDLEKRAPDMCRYEALQ
DPB1_10401,YLQEYYADERADCRYEALQ,YLQEYYADDLEKRAPDVCRYEALQ
DPB1_10501,FGQEYYAEERADCRYGPLQ,FGQEYYAEDLEKRAPDMCRYGPLQ
DPB1_10601,FGQEYYAEERADCRYEALQ,FGQEYYAEDLEERAPDICRYEALQ
DPB1_10701,YLQEYYAEERADCRYEALQ,YLQEYYAEDLEERAPDICRYEALQ
DPB1_10801,FGQEYYADERADCRYGPLQ,FGQEYYADDLEKRAPDMCRYGPLQ
DPB1_10901,YLQEYYAEERADCRYGPLQ,YLQEYYAEDLEERAPDMCRYGPLQ
DPB1_11001,YLQEYYAEERADCRYEALQ,YLQEYYAEDLEERAPDICRYEALQ
DPB1_11201,FGQEYYAEERADCRYGPLQ,FGQEYYAEDLEKRAPDMCRYGPLQ
DPB1_11501,FGQEYYAEERADCRYGPLQ,FGQEYYAEDLEERAPDMCRYGPLQ
DPB1_11601,FGQEYYAEERADCRYGPLQ,FGQEYYAEDLEKRAPDMCRYGPLQ
DPB1_12401,YLQEYYADERADCRYEALQ,YLQEYYADDLEKRAPDVCRYEALQ
DPB1_12601,FGQEYYAEERADCRYGPLQ,FGQEYYAEDLEKRAPDMCRYGPLQ
DPB1_12701,YGQEYYAEERADCRYEALQ,YGQEYYAEDLEKRAPDVCRYEALQ
DPB1_12801,FGQEYYAEERADRRYGPLQ,FGQEYYAEDLEKRAPDMRRYGPLQ
DPB1_13001,YLQEYYADERADCRYEALQ,YLQEYYADDLEKRAPDMCRYEALQ
DPB1_13101,HLQEYYADERADCRYEALQ,HLQEYYADDLEERAPDMCRYEALQ
DPB1_13301,YLQEYYAEERADCRYEALQ,YLQEYYAEDLEERAPDICRYEALQ
DPB1_13501,FGQEYYAEERADCRYEALQ,FGQEYYAEDLEKRAPDMCRYEALQ
DPB1_13601,YLQEYYAEERADCRYEALQ,YLQEYYAEDLERRAPDMCRYEALQ
DPB1_13801,FGQEYYAEERADCRYGPLQ,FGQEYYAEDLEKRAPDMCRYGPLQ
DPB1_14101,FGQEYYAEERADCRYGPLQ,FGQEYYAEDLEERAPDMCRYGPLQ
DPB1_14401,FGQEYYAEERADCRYGPLQ,FGQEYYAEDLEKRAPDMCRYGPLQ
DPB1_14601,FGQEYYAEERADCRYGPLQ,FGQEYYAEDLEERAPDMCRYGPLQ
DPB1_15001,FGQEYYAEERADCRYEALQ,FGQEYYAEDLEKRAPDVCRYEALQ
DPB1_15101,FGQEYYAEERADCRYGPLQ,FGQEYYAEDLEERAPDMCRYGPLQ
DPB1_15301,FGQEYYAEERADCRYGPLE,FGQEYYAEDLEKRAPDMCRYGPLE
DPB1_15701,HLQEYYADERADCRYEALQ,HLQEYYADDLEERAPDVCRYEALQ
DPB1_15801,YGQEYYAEERADCRYGPLQ,YGQEYYAEDLEKRAPDMCRYGPLQ
DPB1_16201,YGQEYYAEERADCRYEALQ,YGQEYYAEDLEKRAPDVCRYEALQ
DPB1_16301,FGQEYYAEERADCRYGPLQ,FGQEYYAEDLEERAPDMCRYGPLQ
DPB1_17001,FGQEYYAEEREDCRYEALQ,FGQEYYAEDLEKREPDMCRYEALQ
DPB1_17201,FGQEYYAEERADCRYGPLQ,FGQEYYAEDLEERAPDMCRYGPLQ
DPB1_17301,FGQEYYAEERADCRYEALQ,FGQEYYAEDLEERAPDICRYEALQ
DPB1_17701,FGQEYYAEERADCRYGPLQ,FGQEYYAEDLEKRAPDMCRYGPLQ
DPB1_17801,FGQEYYAEERADCRYGPLQ,FGQEYYAEDLEKRAPDMCRYGPLQ
DPB1_17901,FGQEYYAEERADCRYGPLQ,FGQEYYAEDLERRAPDMCRYGPLQ
DPB1_18201,FGQEYYADERADCRYEALQ,FGQEYYADDLEERAPDMCRYEALQ
DPB1_18401,FGQEYYAEERADCRYEALQ,FGQEYYAEDLEKRAPDMCRYEALQ
DPB1_18701,FGQEYYAEERADFRYGPLQ,FGQEYYAEDLEERAPDMFRYGPLQ
DPB1_18901,FGQEYYAEERADCRYGPLQ,FGQEYYAEDLEERAPDMCRYGPLQ
DPB1_19001,FGQEYYAEERADCRYGPLQ,FGQEYYAEDLEKRAPDMCRYGPLQ
DPB1_19101,FGQEYYAEERADCRYGPLQ,FGQEYYAEDLEERAPDMCRYGPLQ
DPB1_20101,YGQEYYAEERADCRYEALQ,YGQEYYAEDLEKRAPDVCRYEALQ
DPB1_20601,YLQEYYAEERADCRYEALQ,YLQEYYAEDLEERAPDMCRYEALQ
DPB1_20801,YLQEYYADERADCRYEALQ,YLQEYYADDLEERAPDMCRYEALQ
DPB1_21401,FGQEYYADERADCRYGPLQ,FGQEYYADDLEKRAPDMCRYGPLQ
DPB1_21501,FGQEYYADERADCRYGPLQ,FGQEYYADDLEKRAPDMCRYGPLQ
DPB1_22401,FGQEYYAEERADCRYGPLQ,FGQEYYAEDLEKRAPDMCRYGPLQ
DPB1_23601,FGQEYYAEERADCRYGPLQ,FGQEYYAEDLEERAPDICRYGPLQ
DPB1_24401,HLQEYYAEERADCRYEALQ,HLQEYYAEDLEKRAPDMCRYEALQ
DPB1_24501,HLQEYYADERADCRYEALQ,HLQEYYADDLEERAPDMCRYEALQ
DPB1_24601,YGQEYYAEERADCRYEALQ,YGQEYYAEDLEERAPDICRYEALQ
DPB1_25901,FGQEYYADERADCRYEALQ,FGQEYYADDLEKRAPDMCRYEALQ
DPB1_26001,FGQEYYAEERADCRYGPLQ,FGQEYYAEDLEKRARDMCRYGPLQ
DPB1_26501,HLQEYYAEERADCRYEALQ,HLQEYYAEDLEERAPDVCRYEALQ
DPB1_26601,HLQEYYADERADCRYEALQ,HLQEYYADDLEERAPDVCRYEALQ
DPB1_27701,FGQEYYAEERADCRYEALQ,FGQEYYAEDLEERAPDMCRYEALQ
DPB1_28101,FGQEYYAEERADCRYGPLK,FGQEYYAEDLEKRAPDMCRYGPLK
DPB1_28201,FGQEYYAEERADCRYGPLQ,FGQEYYAEDLEKRAPDMCRYGPLQ
DPB1_28301,FGQEYYAEERADCRYGPLQ,FGQEYYAEDLEKRAPDMCRYGPLQ
DPB1_29001,YGQEYYAEERADCRYGPLQ,YGQEYYAEDLERRAPDMCRYGPLQ
DPB1_29101,YGQEYYAEERADCRYEALQ,YGQEYYAEDLEKRAPDVCRYEALQ
DPB1_29401,YLQEYYAEERADCRYGPLQ,YLQEYYAEDLEKRAPDMCRYGPLQ
DPB1_29601,FGQEYYAEERADCRYGPLQ,FGQEYYAEDLEKRAPDMCRYGPLQ
DPB1_29901,FGQEYYAEERADCRYGPLQ,FGQEYYAEDLERRAPDMCRYGPLQ
DPB1_30101,FGQEYYAEERADCRYEALQ,FGQEYYAEDLEKRAPDMCRYEALQ
DPB1_30901,FGQEYYAEERADCRYGPLQ,FGQEYYAEDLERRAPDMCRYGPLQ
DPB1_31401,HLQEYYAEERADCRYEALQ,HLQEYYAEDLEERAPDVCRYEALQ
DPB1_31901,FGQEYYAEERADCRYGPLQ,FGQEYYAEDQEKRAPDMCRYGPLQ
DPB1_32401,HLQEYYAEERADCRYEALQ,HLQEYYAEDLEERAPDVCRYEALQ
DPB1_35001,FGQEYYAEERADCRYGPLQ,FGQEYYAEDLEKRAPDMCRYGPLQ
DPB1_35201,FGQEYYAEERADCRYGPLQ,FGQEYYAEDLEERAPDMCRYGPLQ
DPB1_35501,FGQEYYADERADCRYGPLQ,FGQEYYADDLEKRAPDMCRYGPLQ
DPB1_36901,YGQEYYAEERADCRYGPLQ,YGQEYYAEDLEKRAPDMCRYGPLQ
DPB1_37701,FGQEYYAEERADCRYGPLQ,FGQEYYAEDLEKRAPDVCRYGPLQ
DPB1_38901,YLQEYYAEERADCRYEALQ,YLQEYYAEDLEERAPDICRYEALQ
DPB1_39801,FGQEYYAEERADCRYEALQ,FGQEYYAEDLEKRAPDMCRYEALQ
DPB1_41301,YLQEYYADERADCRYEALQ,YLQEYYADDLEERAPDMCRYEALQ
DPB1_41401,FGQEYYAEERADCRYGPLQ,FGQEYYAEDLEERAPDMCRYGPLQ
DPB1_41501,FGQEYYAEERADCRYGPLQ,FGQEYYAEDLEKRAPDMCRYGPLQ
DPB1_41601,FGQEYYAEERADCRYGPLQ,FGQEYYAEDLEERAPDMCRYGPLQ
DPB1_41701,YGQEYYAEERADCRYEALQ,YGQEYYAEDLEKRAPDVCRYEALQ
DPB1_42501,FGQEYYAEERADCRYGPLQ,FGQEYYAEDLEKRAPDMCRYGPLQ
DPB1_44501,HLQEYYADERADCRYEALQ,HLQEYYADDLEKRAPDVCRYEALQ
DPB1_45801,YLQEYYAEERADCRYEALQ,YLQEYYAEDLERRAPDMCRYEALQ
DPB1_46001,HLQEYYADERADCRYEALQ,HLQEYYADDLEERAPDMCRYEALQ
DPB1_46301,FGQEYYAEERADCRYGPLQ,FGQEYYAEDLEKRAPDMCRYGPLQ
DPB1_46401,FGQEYYAEERADCRYGPLQ,FGQEYYAEDLEKRAPDMCRYGPLQ
DPB1_49801,HLQEYYADERADCRYEALQ,HLQEYYADDLEKRAPDVCRYEALQ
DPB1_51801,YLQEYYAEERADCRYEALQ,YLQEYYAEDLEERAPDICRYEALQ
DPB1_51901,YLQEYYAEERADCRYEALQ,YLQEYYAEDLEERAPDICRYEALQ
DPB1_53501,FGQEYYAEERADCRYEALQ,FGQEYYAEDLEERAPDICRYEALQ
DPB1_54701,FGQEYYAEERADCRYGPLQ,FGQEYYAEDLEERAPDMCRYGPLQ
DPB1_57201,HLQEYYADERADCRYEALQ,HLQEYYADDLEKRAPDVCRYEALQ
DPB1_58201,FGQEYYAEERADCRYGPLQ,FGQEYYAEDLEERAPDMCRYGPLQ
DPB1_58401,FGQEYYAEERADCRYGPLQ,FGQEYYAEDLEKRAPDMCRYGPLQ
DPB1_58501,YGQEYYAEERADCRYGPLQ,YGQEYYAEDLERRAPDMCRYGPLQ
DPB1_62501,FGQEYYAEERADCRYGPLQ,FGQEYYAEDLEKRAPDMCRYGPLQ
DPB1_64801,FGQEYYADERADCRYEALQ,FGQEYYADDLEKRAPDVCRYEALQ
DPB1_64901,YLQEYYAEERADCRYEALQ,YLQEYYAEDLERRAPDMCRYEALQ
DPB1_65001,HLQEYYAEERADCRYEALQ,HLQEYYAEDLEERAPDVCRYEALQ
DPB1_65101,HLQEYYADERADCRYEALQ,HLQEYYADDLEKRAPDVCRYEALQ
DPB1_65201,FGQEYYAEERADCRYEALQ,FGQEYYAEDLEERAPDMCRYEALQ
DPB1_65301,FGQEYYAEERADCRYEALQ,FGQEYYAEDLEERAPDMCRYEALQ
DPB1_66501,FGQEYYAEERADCRYGPLQ,FGQEYYAEDLEKRAPDMCRYGPLQ
DPB1_66601,FGQEYYAEERADCRYGPLQ,FGQEYYAEDLEKRAPDMCRYGPLQ
DPB1_66701,YGQEYYAEERADCRYEALQ,YGQEYYAEDLEKRAPDVCRYEALQ
DPB1_66801,FGQEYYAEERADCRYEALQ,FGQEYYAEDLEKRAPDMCRYEALQ
DPB1_66901,YLQEYYADERADCRYEALQ,YLQEYYADDLEKRAPDVCRYEALQ
DPB1_67001,FGQEYYAEERADCRYGPLQ,FGQEYYAEDLEKRAPDMCRYGPLQ
DPB1_67101,HLQEYYADERADCRYEALQ,HLQEYYADDLEKRAPDVCRYEALQ
DPB1_67201,YLQEYYAEERADCRYEALQ,YLQEYYAEDLERRAPDMCRYEALQ
DPB1_67301,HLQEYYAEERADCRYEALQ,HLQEYYAEDLEERAPDVCRYEALQ
DPB1_67401,FGQEYYAEERADCRYGPLQ,FGQEYYAEDLEKRAPDMCRYGPLQ
DPB1_67501,YLQEYYADERADCRYEALQ,YLQEYYADDLEKRAPDVCRYEALQ
DPB1_67601,YLQEYYADERADCRYEALQ,YLQEYYADDLEKRAPDVCRYEALQ
DPB1_67701,FGQEYYAEERADCRYGPLQ,FGQEYYAEDLEKRAPDMCRYGPLQ
DPB1_67801,FGQEYYAEERADCRYGPLQ,FGQEYYAEDLEERAPDMCRYGPLQ
DPB1_68701,FLQEYYAEERADCRYGPLQ,FLQEYYAEDLEKRAPDMCRYGPLQ
DPB1_69901,FGQEYYAEERADCRYGPLQ,FGQEYYAEDLEKRAPDMCRYGPLQ
DPB1_70101,FGQEYYAEERADCRYGPLQ,FGQEYYAEDLEKRAPDMCRYGPLQ
DPB1_70201,FGQEYYAEERADCRYGPLQ,FGQEYYAEDLEKRAPDMCRYGPLQ
DPB1_70401,YLQEYYADERADCRYEALQ,YLQEYYADDLEKRAPDVCRYEALQ
DPB1_70501,HLQEYYADERADCRYEALQ,HLQEYYADDLEKRAPDVCRYEALQ
DPB1_70601,YLQEYYADERADCRYEALQ,YLQEYYADDLEKRAPDVCRYEALQ
DPB1_72601,FGQEYYAEERADCRYGPLQ,FGQEYYAEDLEKRAPDMCRYGPLQ
DPB1_72801,YLQEYYADERADCRYEALQ,YLQEYYADDLEKRAPDVCRYEALQ
DPB1_73301,YGQEYYAEERADCRYEALQ,YGQEYYAEDLEKRAPDVCRYEALQ
DPB1_73401,FGQEYYAEERADCRYGPLQ,FGQEYYAEDLEKRAPDMCRYGPLQ
DPB1_73501,FGQEYYAEERADCRYGPLQ,FGQEYYAEDLEKRAPDMCRYGPLQ
DPB1_73601,FGQEYYAEERADCRYGPLQ,FGQEYYAEDLEKRAPDMCRYGPLQ
DPB1_73701,YLQEYYADERADCRYEALQ,YLQEYYADDLEERAPDMCRYEALQ
DPB1_75701,FGQEYYAEERADCRYGPLQ,FGQEYYAEDLEKRAPDMCRYGPLQ
DPB1_76201,FGQEYYADERADCRYGPLQ,FGQEYYADDLEKRAPDMCRYGPLQ
DPB1_76401,FGQEYYAEERADCRYEALQ,FGQEYYAEDLEKRAPDMCRYEALQ
DPB1_78301,FGQEYYAEERADCRYGPLQ,FGQEYYAEDLEERAPDMCRYGPLQ
DPB1_78401,FGQEYYAEERADCRYGPLQ,FGQEYYAEDLEKRAPDMCRYGPLQ
DPB1_80401,FGQEYYAEERADCRYGPLQ,FGQEYYAEDLEKRAPDMCRYGPLQ
DPB1_80601,FGQEYYAEERADCRYGPLQ,FGQEYYAEDLEKRAPDMCRYGPLQ
DPB1_80901,FGQEYYAEERADCRYGPLQ,FGQEYYAEDLEKRAPDMCRYGPLQ
DPB1_81901,FGQEYYAEERADCRYGPLQ,FGQEYYAEDLEERAPDMCRYGPLQ
DPB1_82301,FGQEYYAEERADCRYGPLQ,FGQEYYAEDLEKRAPDMCRYGPLQ
DPB1_83201,HLQEYYAEERADCRYEALQ,HLQEYYAEDLEKRAPDVCRYEALQ
DPB1_83401,HLQEYYADERADCRYEALQ,HLQEYYADDLEKRAPDVCRYEALQ
DPB1_83501,FGQEYYAEERADCRYGPLQ,FGQEYYAEDLEKRAPDMCRYGPLQ
DPB1_84901,FGQEYYAEERADCRYGPLQ,FGQEYYAEDLEKRAPDMCRYGPLQ
DPB1_87901,YGQEYYAEERANCRYEALQ,YGQEYYAEDLEKRAPNVCRYEALQ
DPB1_88001,FGQEYYAEERADCRYGPLQ,FGQEYYAEDLEKRAPDMCRYGPLQ
DPB1_88101,FGQEYYAEERADCRYGPLQ,FGQEYYAEDLEKRAPDMCRYGPLQ
DPB1_88201,FGQEYYAEERADCRYGPLQ,FGQEYYAEDLEKRAPDMCRYGPLQ
DPB1_90501,YLQEYYADERADCRYEALQ,YLQEYYADDLEKRAPDMCRYEALQ
DPB1_90901,YLQEYYADERADCRYEALQ,YLQEYYADDLEERAPDVCRYEALQ
DPB1_94601,YLQEYYADERADCRYEALQ,YLQEYYADDLEKRAPDVCRYEALQ
DPB1_94701,YLQEYYAEERADCRYEALQ,YLQEYYAEDLEERAPDICRYEALQ
DPB1_94801,YLQEYYADERADCRYEALQ,YLQEYYADDLEKRAPDVCRYEALQ
DPB1_94901,HLQEYYADERADCRYEALQ,HLQEYYADDLEKRAPDVCRYEALQ
DPB1_95101,FGQEYYAEERADCRYEALQ,FGQEYYAEDLEKRAPDMCRYEALQ
DPB1_95201,YLQEYYADERADCRYEALQ,YLQEYYADDLEKRAPDVCRYEALQ
DPB1_95301,YGQEYYAEERADCRYEALQ,YGQEYYAEDLEKRAPDVCRYEALQ
DPB1_95401,FGQEYYAEERADCRYGPLQ,FGQEYYAEDLEKRAPDMCRYGPLQ
DPB1_95501,FGQEYYAEERADCRYGPLQ,FGQEYYAEDLEERAPDMCRYGPLQ
DPB1_95601,HLQEYYADERADCRYEALQ,HLQEYYADDLEERAPDMCRYEALQ
DPB1_95701,FGQEYYAEERADCRYGPLQ,FGQEYYAEDLEKRAPDMCRYGPLQ
DPB1_96501,FGQEYYAEERADCRYEALQ,FGQEYYAEDLEERAPDICRYEALQ
DPB1_96601,FGQEYYAEERADCRYGPLQ,FGQEYYAEDLEKRAPDMCRYGPLQ
DPB1_96701,FGQEYYAEERADCRYGPLQ,FGQEYYAEDLEERAPDMCRYGPLQ
DPB1_96801,FGQEYYAEERADCRYEALQ,FGQEYYAEDLEERAPDMCRYEALQ
DPB1_97801,FGQEYYAEERADCRYGPLQ,FGQEYYAEDLEKRAPDMCRYGPLQ
DPB1_103701,FGQEYYAEERADCRYGPLQ,FGQEYYAEDLEKRAPDMCRYGPLQ
DPB1_106901,YLQEYYAEERADCRYEALQ,YLQEYYAEDLEERAPDICRYEALQ
DPB1_107101,YLQEYYADERADCRYEALQ,YLQEYYADDLEKRAPDVCRYEALQ
DPB1_107201,FGQEYYAEERADCRYGPLQ,FGQEYYAEDLEKRAPDMCRYGPLQ
DPB1_107701,FGQEYYAEERADCRYGPLQ,FGQEYYAEDLEERAPDMCRYGPLQ
DPB1_108201,FGQEYYAEERADCRYGPLQ,FGQEYYAEDLEERAPDMCRYGPLQ
DPB1_108301,FGQEYYAEERADCRYGPLQ,FGQEYYAEDLEKRAPDMCRYGPLQ
DPB1_108801,YLQEYYAEERADCRYEALQ,YLQEYYAEDLEKRAPDVCRYEALQ
DPB1_109901,FGQEYYAEERADCRYEALQ,FGQEYYAEDLEKRAPDMCRYEALQ
DPB1_110001,FGQEYYAEERADCRYGPLQ,FGQEYYAEDLEKRAPDMCRYGPLQ
DPB1_110201,FGQEYYAEERADCRYGPLQ,FGQEYYAEDLEERAPDMCRYGPLQ
DPB1_110901,FGQEYYAEERADCRYGPLQ,FGQEYYAEDLERRAPDMCRYGPLQ
DPB1_111701,FGQEYYAEERADCRYEALQ,FGQEYYAEDLEKRAPDMCRYEALQ
DPB1_111901,FGQEYYAEERADCRYEALQ,FGQEYYAEDLEKRAPDMCRYEALQ
DPB1_112501,YLQEYYADERADCRYEALQ,YLQEYYADDLEKRAPDVCRYEALQ
DPB1_112601,HLQEYYAEERADCRYEALQ,HLQEYYAEDLEERAPDVCRYEALQ
DPB1_112701,YLQEYYADERADCRYEALQ,YLQEYYADDLEERAPDMCRYEALQ
DPB1_112801,HLQEYYADERADCRYEALQ,HLQEYYADDLEERAPDVCRYEALQ
DPB1_112901,FGQEYYAEERADCRYGPLQ,FGQEYYAEDLEKRAPDMCRYGPLQ
DPB1_113001,YLQEYYADERADCRYEALQ,YLQEYYADDLEKRAPDVCRYEALQ
DPB1_113101,YLQEYYAEERADCRYEALQ,YLQEYYAEDLEERAPDICRYEALQ
DPB1_113201,FGQEYYAEERADCRYGPLQ,FGQEYYAEDLEKRAPDMCRYGPLQ
DPB1_113301,YLQEYYADERADCRYEALQ,YLQEYYADDLEKRAPDVCRYEALQ
DPB1_113401,YLQEYYADERADCRYEALQ,YLQEYYADDLEKRAPDVCRYEALQ
DPB1_113901,FGQEYYAEERADCRYGPLQ,FGQEYYAEDLEKRAPDMCRYGPLQ
DPB1_114401,FGQEYYAEERADCRYGPLQ,FGQEYYAEDLEKRAPDMCRYGPLQ
DPB1_114501,YLQEYYAEERADYRYEALQ,YLQEYYAEDLEERAPDIYRYEALQ
DPB1_114701,YLQEYYAEERADCRYEALQ,YLQEYYAEDLEKRAPDVCRYEALQ
DPB1_115301,FGQEYYAEERADCRYGPLQ,FGQEYYAEDLEKRAPDMCRYGPLQ
DPB1_115501,FGQEYYAEERADCRYGPLQ,FGQEYYAEDLEKRAPDMCRYGPLQ
DPB1_115801,HLQEYYADERADCRYEALQ,HLQEYYADDLEERAPDMCRYEALQ
DPB1_116701,FGQEYYAEERADCRYGPLQ,FGQEYYAEDLEKRAPDMCRYGPLQ
DPB1_118701,HLQEYYADERADCRYEALQ,HLQEYYADDLEKRAPDVCRYEALQ
DPB1_118801,FGQEYYAEERADCRYGPLQ,FGQEYYAEDLEERAPDMCRYGPLQ
DPB1_119401,FGQEYYAEERADCRYGPLQ,FGQEYYAEDLEKRAPDMCRYGPLQ
DPB1_120801,FGQEYYAEEGADCRYGPLQ,FGQEYYAEDLEKGAPDMCRYGPLQ
DPB1_121601,FGQEYYAEERADCRYGPLQ,FGQEYYAEDLEKRAPDMCRYGPLQ
DPB1_122601,FGQEYYAEERADCRYGPLQ,FGQEYYAEDLEKRAPDMCRYGPLQ
DPB1_123201,YLQEYYAEERADCRYEALQ,YLQEYYAEDLEERAPDICRYEALQ
DPB1_123301,HLQEYYADERADCRYEALQ,HLQEYYADDLEERAPDMCRYEALQ
DPB1_123401,YLQEYYAEERADCRYEALQ,YLQEYYAEDLERRAPDMCRYEALQ
DPB1_123501,FGQEYYAEERADCRYGPLQ,FGQEYYAEDLEKRAPDMCRYGPLQ
DPB1_123601,FGQEYYAEERADCRYEPLQ,FGQEYYAEDLEKRAPDMCRYEPLQ
DPB1_123701,FGQEYYAEERADCRYGPLQ,FGQEYYAEDLEKRAPDMCRYGPLQ
DPB1_123801,FGQEYYAEERADCRYGPLQ,FGQEYYAEDLEKRAPDMCRYGPLQ
DPB1_123901,FGQEYYAEERADCRYGPLQ,FGQEYYAEDLEKRAPDMCRYGPLQ
DPB1_124001,FGQEYYAEERADCRYEALQ,FGQEYYAEDLEKRAPDMCRYEALQ
DPB1_124101,FGQEYYAEERADCRYGPLQ,FGQEYYAEDLEKRAPDMCRYGPLQ
DPB1_124201,FGQEYYAEERADCRYGPLQ,FGQEYYAEDLEKRAPDMCRYGPLQ
DPB1_124301,FGQEYYAEERADCRYGPLQ,FGQEYYAEDLEERAPDMCRYGPLQ
DPB1_124401,FGQEYYAEERADCRYGPLQ,FGQEYYAEDLEKRAPDMCRYGPLQ
DPB1_124501,YLQEYYADERADCRYEALQ,YLQEYYADDLEKRAPDVCRYEALQ
DPB1_124601,YLQEYYADERADCRYEALQ,YLQEYYADDLEKRAPDVCRYEALQ
DPB1_124701,FGQEYYAEERADCRYGPLQ,FGQEYYAEDLEERAPDMCRYGPLQ
DPB1_124801,FGQEYYAEERADCRYGPLQ,FGQEYYAEDLEERAPDMCRYGPLQ
DPB1_124901,FGQEYYAEERADCRYGPLQ,FGQEYYAEDLEKRAPDMCRYGPLQ
DPB1_125001,YGQEYYAEERADCRYGPLQ,YGQEYYAEDLERRAPDMCRYGPLQ
DPB1_125101,YLQEYYADERADCRYEALQ,YLQEYYADDLEERAPDMCRYEALQ
DPB1_125201,YGQEYYAEERADCRYGPLQ,YGQEYYAEDLERRAPDMCRYGPLQ
DPB1_125301,FGQEYYAEERADCRYGPLQ,FGQEYYAEDLEERAPDMCRYGPLQ
DPB1_125401,YLQEYYADERADCRYEALQ,YLQEYYADDLEKRAPDVCRYEALQ
DPB1_125501,FGQEYYAEERADCRYEALQ,FGQEYYAEDLEERAPDICRYEALQ
DPB1_125701,FGQEYYAEERADCRHEALQ,FGQEYYAEDLEKRAPDMCRHEALQ
DPB1_125801,HLQEYYADERADCRYEALQ,HLQEYYADDLEERAPDVCRYEALQ
DPB1_125901,YLQEYYADERADCRYEALQ,YLQEYYADDLEERAPDMCRYEALQ
DPB1_126101,HLQEYYAEERADCRYEALQ,HLQEYYAEDLEERAPDVCRYEALQ
DPB1_126201,FGQEYYAEERADCRYGPLQ,FGQEYYAEDLEKRAPDMCRYGPLQ
DPB1_126301,YLQEYYADERADCRYEALQ,YLQEYYADDLEKRAPDVCRYEALQ
DPB1_126401,YLQEYYAEERADCRYEALQ,YLQEYYAEDLEERAPDICRYEALQ
DPB1_126501,HLQEYYADERADCRYEALQ,HLQEYYADDLEERAPDMCRYEALQ
DPB1_127301,FGQEYYAEERADCRYEALQ,FGQEYYAEDLEKRAPDMCRYEALQ
DPB1_128401,FGQEYYAEERADCRYGPLQ,FGQEYYAEDLEKRAPDMCRYGPLQ
DPB1_128601,FGQEYYAEERADCRYGPLQ,FGQEYYAEDLEKRAPDMCRYGPLQ
DPB1_129001,FGQEYYAEERADCRYGPLQ,FGQEYYAEDLEERAPDMCRYGPLQ
DPB1_130001,FGQEYYAEERADCRYGPLQ,FGQEYYAEDLEKRAPDMCRYGPLQ
DPB1_131501,FGQEYYAEERADCRYGPLQ,FGQEYYAEDLEERAPDMCRYGPLQ
DPB1_131601,FGQEYYAEERADCRYGPLQ,FGQEYYAEDLEKRAPDMCRYGPLQ
DPB1_131801,FGQEYYAEERADCRYEALQ,FGQEYYAEDLEKRAPDMCRYEALQ
DPB1_132001,FGQEYYAEERADCRYGPLQ,FGQEYYAEDLEERAPDMCRYGPLQ
DPB1_132101,FGQEYYAEERADCRYGPLQ,FGQEYYAEDLEKRAPDMCRYGPLQ
DPB1_132201,FGQEYYAEERADCRYGPLQ,FGQEYYAEDLEKRAPDMCRYGPLQ
DPB1_132301,FGQEYYAEERADCRYGPLQ,FGQEYYAEDLEERAPDMCRYGPLQ
DPB1_132601,FGQEYYAEERADCRYGPLQ,FGQEYYAEDLEERAPDMCRYGPLQ
DPB1_132701,FGQEYYAEERADCRYGPLQ,FGQEYYAEDLEKRAPDMCRYGPLQ
DPB1_134401,FGQEYYAEERADCRYGPLQ,FGQEYYAEDLEERAPDMCRYGPLQ
DPB1_134501,FGQEYYAEERADCRYGPLQ,FGQEYYAEDLEKRAPDMCRYGPLQ
DPB1_134601,FGQEYYAEERADCRYGPLQ,FGQEYYAEDLEKRAPDMCRYGPLQ
DPB1_134701,FGQEYYAEERADCRYGPLQ,FGQEYYAEDLEERAPDMCRYGPLQ
DPB1_134801,HLQEYYADERADCRYEALQ,HLQEYYADDLEKRAPDVCRYEALQ
DPB1_135901,YLQEYYADERADYRYEALQ,YLQEYYADDLEKRAPDVYRYEALQ
DPB1_136001,FGQEYYAEERADCRYGPLQ,FGQEYYAEDLEERAPDMCRYGPLQ
DPB1_136201,FGQEYYAEERADCRYGPLQ,FGQEYYAEDLEKRAPDMCRYGPLQ
DPB1_136301,FGQEYYAEERADCRYGPLQ,FGQEYYAEDLEERAPDMCRYGPLQ
DPB1_136501,YLQEYYADERADCRYEALQ,YLQEYYADDLEKRAPDVCRYEALQ
DPB1_136601,FLQEYYADERADCRYEALQ,FLQEYYADDLEERAPDVCRYEALQ
DPB1_136701,HLQEYYADERADCRYEALQ,HLQEYYADDLEERAPDMCRYEALQ
DPB1_136801,FGQEYYAEERADCRYGPLQ,FGQEYYAEDLEERAPDMCRYGPLQ
DPB1_136901,FGQEYYAEERADCRYGPLQ,FGQEYYAEDLEERAPDMCRYGPLQ
DPB1_137001,YLQEYYAEERADCRYEALQ,YLQEYYAEDLEERAPDICRYEALQ
DPB1_137101,FGQEYYAEERADCRYGPLQ,FGQEYYAEDLEKRAPDMCRYGPLQ
DPB1_137201,FGQEYYAEERADCRYGPLQ,FGQEYYAEDLEERAPDMCRYGPLQ
DPB1_137301,YLQEYYADERADCRYEALQ,YLQEYYADDLEKRAPDVCRYEALQ
DPB1_137401,FGQEYYAEERADCRYGPLQ,FGQEYYAEDLEKRAPDMCRYGPLQ
DPB1_137601,FGQEYYAEERADCRYGPLQ,FGQEYYAEDLEERAPDMCRYGPLQ
DPB1_137701,FGQEYYAEERADCRYGPLQ,FGQEYYAEDLEKRAPDMCRYGPLQ
DPB1_137801,HLQEYYADERADCRYEALQ,HLQEYYADDLEERAPDVCRYEALQ
DPB1_137901,FGQEYYAEERADCRYGPLQ,FGQEYYAEDLEKRAPDMCRYGPLQ
DPB1_138001,FGQEYYAEERADCRYGPLQ,FGQEYYAEDLEKRAPDMCRYGPLQ
DPB1_138101,FGQEYYAEERADCRYGPLQ,FGQEYYAEDLEERAPDMCRYGPLQ
DPB1_138201,YLQEYYADERADCRYEALQ,YLQEYYADDLEKRAPDVCRYEALQ
DPB1_138301,FGQEYYAEERADCRYGPLQ,FGQEYYAEDLEERAPDMCRYGPLQ
DPB1_138401,HLQEYYADERADCRYEALQ,HLQEYYADDLEKRAPDVCRYEALQ
DPB1_138501,FGQEYYAEERADCRYGPLQ,FGQEYYAEDLEKRAPDMCRYGPLQ
DPB1_138601,FGQEYYAEERADCRYEALQ,FGQEYYAEDLEERAPDMCRYEALQ
DPB1_138701,FGQEYYAEERADCRYGPLQ,FGQEYYAEDLEKRAPDMCRYGPLQ
DPB1_138801,YLQEYYADERADCRYEALQ,YLQEYYADDLEKRAPDVCRYEALQ
DPB1_138901,YLQEYYADERADCRYEALQ,YLQEYYADDLEKRAPDMCRYEALQ
DPB1_139001,FGQEYYAEERADCRYGPLQ,FGQEYYAEDLEKRAPDMCRYGPLQ
DPB1_139101,FGQEYYAEERADCRYGPLQ,FGQEYYAEDLEKRAPDMCRYGPLQ
DPB1_139201,YGQEYYAEERADCRYEALQ,YGQEYYAEDLEKRAPDVCRYEALQ
DPB1_139301,FGQEYYAEERADCRYGPLQ,FGQEYYAEDLEERAPDMCRYGPLQ
DPB1_139401,HLQEYYADERADCRYEALQ,HLQEYYADDLEERAPDMCRYEALQ
DPB1_139501,HLQEYYADERADCRYEALQ,HLQEYYADDLEKRAPDVCRYEALQ
DPB1_139601,YLQEYYADERADCRYEALQ,YLQEYYADDLEKRAPDVCRYEALQ
DPB1_139701,HLQEYYADERADCRYEALQ,HLQEYYADDLEERAPDMCRYEALQ
DPB1_139901,YLQEYYAEERADCRYGPLQ,YLQEYYAEDLEKRAPDVCRYGPLQ
DPB1_140001,FGQEYYAEERADCRYEALQ,FGQEYYAEDLEKRAPDMCRYEALQ
DPB1_140101,YLQEYYADERADCRYEALQ,YLQEYYADDLEKRAPDVCRYEALQ
DPB1_140201,FGQEYYAEERADCRYGPLQ,FGQEYYAEDLEERAPDMCRYGPLQ
DPB1_140301,FGQEYYAEERADCRYGPLQ,FGQEYYAEDLEERAPDMCRYGPLQ
DPB1_140401,FGQEYYAEERADCRYGPLQ,FGQEYYAEDLEKRAPDMCRYGPLQ
DPB1_140501,FGQEYYAEERADCRYGPLQ,FGQEYYAEDLEERAPDMCRYGPLQ
DPB1_140601,YGQEYYAEERADCRYEALQ,YGQEYYAEDLEKRAPDVCRYEALQ
DPB1_140701,YLQEYYADERADCRYEALQ,YLQEYYADDLEKRAPDVCRYEALQ
DPB1_140801,FGQEYYAEERADCRYGPLQ,FGQEYYAEDLEERAPDMCRYGPLQ
DPB1_140901,FGQEYYAEERADCRYGPLQ,FGQEYYAEDLEKRAPDMCRYGPLQ
DPB1_141001,FGQEYYAEERADCRYGPLQ,FGQEYYAEDLEKRAPDMCRYGPLQ
DPB1_141101,YLQEYYADERADCRYEALQ,YLQEYYADDLEERAPDMCRYEALQ
DPB1_141201,FGQEYYAEERADCRYGPLQ,FGQEYYAEDLEKRAPDMCRYGPLQ
DPB1_141301,FGQEYYAEERADCRYGPLQ,FGQEYYAEDLEKRAPDMCRYGPLQ
DPB1_141401,HLQEYYADERADCRYEALQ,HLQEYYADDLEKRAPDVCRYEALQ
DPB1_141701,FGQEYYAEERADCRYGPLQ,FGQEYYAEDLEERAPDMCRYGPLQ
DPB1_141801,YLQEYYADERADCRYEALQ,YLQEYYADDLEKRAPDVCRYEALQ
DPB1_141901,FGQEYYAEERADCRYGPLQ,FGQEYYAEDLEERAPDMCRYGPLQ
DPB1_142001,FGQEYYAEERADCRYGPLQ,FGQEYYAEDLEKRAPDMCRYGPLQ
DPB1_142101,YGQEYYAEERADCRYEALQ,YGQEYYAEDVEKRAPDVCRYEALQ
DPB1_142201,YGQEYYADERADCRYGPLQ,YGQEYYADDLEKRAPDMCRYGPLQ
DPB1_142401,FGQEYYAEERADCRYGPLQ,FGQEYYAEDLEKRAPDMCRYGPLQ
DPB1_142501,FGQEYYAEERADCRYGPLQ,FGQEYYAEDLEKRAPDMCRYGPLQ
DPB1_142601,YLQEYYADERADCRYEALQ,YLQEYYADDLEKRAPDMCRYEALQ
DPB1_143101,HLQEYYADERADCRYEALQ,HLQEYYADDLEERAPDMCRYEALQ
DPB1_143601,FGQEYYAEERADCRYGPLQ,FGQEYYAEDLEKRAPDMCRYGPLQ
DPB1_143701,FGQEYYAEERADCRYGPLQ,FGQEYYAEDLEERAPDMCRYGPLQ
DPB1_145001,FGQEYYAEERADCRYGPLQ,FGQEYYAEDLEKRAPDMCRYGPLQ
DPB1_145601,FGQEYYAEERADCRYGPLQ,FGQEYYAEDLEERAPDMCRYGPLQ
DPB1_146201,FGQEYYAEERADCRYEALQ,FGQEYYAEDLEKRAPDMCRYEALQ
DPB1_146501,FGQEYYAEERADCRYGPLQ,FGQEYYAEDLEKRAPDMCRYGPLQ
DPB1_146701,HLQEYYADERTDCRYEALQ,HLQEYYADDLEERTPDVCRYEALQ
DPB1_146901,YLQEYYAEERADCRYEALQ,YLQEYYAEDLEKRAPDVCRYEALQ
DPB1_147001,HLQEYYAEERADCRYEALQ,HLQEYYAEDLEERAPDVCRYEALQ
DPB1_147101,YLQEYYADERADCRYEALQ,YLQEYYADDLEERAPDMCRYEALQ
DPB1_147201,FGQEYYAEERADCRYGPLQ,FGQEYYAEDLEKRAPDMCRYGPLQ
DPB1_148301,FGQEYYAEERADCRYGPLQ,FGQEYYAEDLEKRAPDMCRYGPLQ
DPB1_148401,YGQEYYAEERADCRYEALQ,YGQEYYAEDLEKRAPDVCRYEALQ
DPB1_148501,FGQEYYAEERADCRYGPLQ,FGQEYYAEDLEKRAPDMCRYGPLQ
DPB1_149201,FGQEYYAEERADCRYEALQ,FGQEYYAEDLEERAPDICRYEALQ
DPB1_149301,FGQEYYAEERADCRYGPLQ,FGQEYYAEDLEKRAPDMCRYGPLQ
DPB1_149701,FGQEYYAEERADCRYEALQ,FGQEYYAEDLEKRAPDMCRYEALQ
DPB1_149801,FGQEYYAEERADCRYGPLQ,FGQEYYAEDLEERAPDMCRYGPLQ
DPB1_149901,YGQEYYAEERADCRYGPLQ,YGQEYYAEDLERRAPDMCRYGPLQ
DPB1_150101,YLQEYYAEERADCRYEALQ,YLQEYYAEDLERRAPDMCRYEALQ
DPB1_150701,YLQEYYAEERADCRYGPLQ,YLQEYYAEDLEKRAPDMCRYGPLQ
DPB1_150801,YLQEYYAEERADCRYEALQ,YLQEYYAEDLEKRAPDMCRYEALQ
DPB1_151101,FGQEYYAEERADCRYEALQ,FGQEYYAEDLEKRAPDMCRYEALQ
DPB1_151401,FGQEYYAEERADCRYEALQ,FGQEYYAEDLEKRAPDMCRYEALQ
DPB1_151601,FGQEYYAEERADCRYEALQ,FGQEYYAEDLEERAPDICRYEALQ
DPB1_152001,FGQEYYAEERADCRYGPLQ,FGQEYYAEDLEKRAPDVCRYGPLQ
DPB1_153501,YLQEYYADERADCRYEALQ,YLQEYYADDLEKRAPDVCRYEALQ
DPB1_153601,FGQEYYAEERADCRYEALQ,FGQEYYAEDLEKRAPDVCRYEALQ
DPB1_153701,YLQEYYADERADCRYEALQ,YLQEYYADDLEKRAPDVCRYEALQ
DPB1_153901,YLQEYYADERADCRYEALQ,YLQEYYADDLEKRAPDVCRYEALQ
DPB1_154001,FGQEYYAEERADCRYGPLQ,FGQEYYAEDLEKRAPDMCRYGPLQ
DPB1_154101,FGQEYYAEERADCRYGPLQ,FGQEYYAEDLEKRAPDMCRYGPLQ
DPB1_154301,FGQEYYAEERADCRYEALQ,FGQEYYAEDLEERAPDVCRYEALQ
DPB1_154401,FGQEYYAEERADCRYGPLQ,FGQEYYAEDLEERAPDMCRYGPLQ
DPB1_154501,YLQEYYAEERADCRYEALQ,YLQEYYAEDLEKRAPDMCRYEALQ
DPB1_154601,FGQEYYADERADCRYGPLQ,FGQEYYADDLEKRAPDMCRYGPLQ
DPB1_154701,YLQEYYAEERADCRYGPLQ,YLQEYYAEDLEKRAPDMCRYGPLQ
DPB1_154901,FGQEYYAEERADCRYEALQ,FGQEYYAEDLEERAPDMCRYEALQ
DPB1_155001,FGQEYYAEERADCRYGPLQ,FGQEYYAEDLEERAPDMCRYGPLQ
DPB1_155301,HLQEYYADERADCRYEALQ,HLQEYYADDLEERAPDVCRYEALQ
DPB1_155401,YGQEYYAEERADCRYGPLQ,YGQEYYAEDLEKRAPDMCRYGPLQ
DPB1_155501,HLQEYYADERADCRYEALQ,HLQEYYADDLEERAPDMCRYEALQ
DPB1_155601,YLQEYYADERADCRYEALQ,YLQEYYADDLEERAPDMCRYEALQ
DPB1_155701,HLQEYYAEERADCRYGPLQ,HLQEYYAEDLEERAPDMCRYGPLQ
DPB1_155801,FGQEYYAEERADCRYEALQ,FGQEYYAEDLEERAPDVCRYEALQ
DPB1_155901,HLQEYYAEERADCRYEALQ,HLQEYYAEDLEERAPDVCRYEALQ
DPB1_156001,YLQEYYADERADCRYEALQ,YLQEYYADDLEKRAPDVCRYEALQ
DPB1_156101,YGQEYYAEERADCRYEALQ,YGQEYYAEDLEKRAPDVCRYEALQ
DPB1_156201,FGQEYYAEERADCRYEALQ,FGQEYYAEDLEKRAPDVCRYEALQ
DPB1_157101,YLQEYYADERADCRYEALQ,YLQEYYADDLEKRAPDVCRYEALQ
DPB1_158201,YGQEYYAEERADCRYEALQ,YGQEYYAEDLEKRAPDVCRYEALQ
DPB1_158301,YLQEYYAEERADCRYEALQ,YLQEYYAEDLEERAPDICRYEALQ
DPB1_158501,FGQEYYAEERADCRYGPLQ,FGQEYYAEDLEKRAPDMCRYGPLQ
DPB1_158701,FGQEYYAEERADCRYEALQ,FGQEYYAEDLEERAPDICRYEALQ
DPB1_159101,FGQEYYAEERADCRYGPLQ,FGQEYYAEDLEKRAPDMCRYGPLQ
DPB1_159401,FGQEYYAEERADCGYGPLQ,FGQEYYAEDLEKRAPDMCGYGPLQ
DPB1_159701,FGQEYYAEERADCRYEALQ,FGQEYYAEDLEERAPDICRYEALQ
DPB1_160201,FGQEYYAEERADCRYGPLQ,FGQEYYAEDLEKRAPDMCRYGPLQ
DPB1_160901,YLQEYYADERADCRYEALQ,YLQEYYADDLEKRAPDVCRYEALQ
DPB1_161501,YGQEYYAEERADCRYEALQ,YGQEYYAEDLEKRAPDVCRYEALQ
DPB1_161601,YLQEYYADERADCRYEALQ,YLQEYYADDLEKRAPDVCRYEALQ
DPB1_161701,FGQEYYAEERADCRYEALQ,FGQEYYAEDLEKRAPDMCRYEALQ
DPB1_161801,YGQEYYAEERADCRYGPLQ,YGQEYYAEDLEKRAPDMCRYGPLQ
DPB1_162001,FGQEYYAEERADCRYEALQ,FGQEYYAEDLEKRAPDMCRYEALQ
DPB1_162101,FGQEYYAEERADCRYGPLQ,FGQEYYAEDLEERAPDMCRYGPLQ
DPB1_162901,YLQEYYAEERADCRYEALQ,YLQEYYAEDLEERAPDICRYEALQ
DPB1_163001,YLQEYYADERADCRYEALQ,YLQEYYADDLEKRAPDVCRYEALQ
DPB1_163101,FGQEYYAEERADCRYGPLQ,FGQEYYAEDLEERAPDMCRYGPLQ
DPB1_164101,FGQEYYAEERADCRYGPLQ,FGQEYYAEDLEERAPDMCRYGPLQ
DPB1_164801,FGQEYYAEERAVCRYGPLQ,FGQEYYAEDLEKRAPVMCRYGPLQ
DPB1_164901,YLQEYYADERADCRYEALQ,YLQEYYADDLEKRAPDVCRYEALQ
DPB1_165101,FGQEYYAEERADCRYGPLQ,FGQEYYAEDLEKRAPDMCRYGPLQ
DPB1_165201,FGQEYYAEERADCRYGPLQ,FGQEYYAEDLEERAPDMCRYGPLQ
DPB1_165301,HLQEYYADERADCRYEALQ,HLQEYYADDLEKRAPDVCRYEALQ
DPB1_165401,FGQEYYAEERADCRYGPLQ,FGQEYYAEDLEKRAPDMCRYGPLQ
DPB1_165501,FGQEYYAEERADCRYEALQ,FGQEYYAEDLEKRAPDMCRYEALQ
DPB1_165601,FGQEYYAEERADCRYEALQ,FGQEYYAEDLEKRAPDMCRYEALQ
DPB1_165701,HLQEYYADERPDCRYEALQ,HLQEYYADDLEKRPPDVCRYEALQ
DPB1_165801,FGQEYYAEERADCRYGPLQ,FGQEYYAEDLEKRAPDMCRYGPLQ
DPB1_165901,FGQEYYAEERADCRYGPLQ,FGQEYYAEDLEERAPDMCRYGPLQ
DPB1_166401,FGQEYYAEERADCRYGPLQ,FGQEYYAEDLEKRAPDMCRYGPLQ
DPB1_166501,HLQEYYADERADCRYEALQ,HLQEYYADDLEKRAPDVCRYEALQ
DPB1_166601,HLQEYYADERADCRYEALQ,HLQEYYADDLEERAPDMCRYEALQ
DPB1_166801,FGQEYYAEERADCRYGPLQ,FGQEYYAEDLERRAPDMCRYGPLQ
DPB1_166901,FGQEYYAEERADCRYGPLQ,FGQEYYAEDLEKRAPDMCRYGPLQ
DPB1_167001,FGQEYYAEERADCRYGPLQ,FGQEYYAEDLEERAPDMCRYGPLQ
DPB1_167101,FGQEYYAEERADCRYGPLQ,FGQEYYAEDLEKRAPDMCRYGPLQ
DPB1_167201,FGQEYYAEERADCRYGPLQ,FGQEYYAEDLEERAPDMCRYGPLQ
DPB1_167301,FGQEYYAEERADCRYEALQ,FGQEYYAEDLEERAPDICRYEALQ
DPB1_167401,FGQEYYAEERADCRYGPLQ,FGQEYYAEDLEKRAPDMCRYGPLQ
DPB1_167501,FGQEYYAEERADCRYGPLQ,FGQEYYAEDLEKRAPDMCRYGPLQ
DPB1_167601,FGQEYYAEERADCRYGPLQ,FGQEYYAEDLEERAPDMCRYGPLQ
DPB1_167801,FGQEYYAEERADCRYGPLQ,FGQEYYAEDLEKRAPDMCRYGPLQ
DPB1_167901,FGQEYYAEERADCRYGPLQ,FGQEYYAEDLEKRAPDMCRYGPLQ
DPB1_168001,FGQEYYAEERADCRYGPLQ,FGQEYYAEDLEKRAPDMCRYGPLQ
DPB1_168101,FGQEYYAEERADCRYGPLQ,FGQEYYAEDLEKRAPDMCRYGPLQ
DPB1_168201,FGQEYYAEERADCRYGPLQ,FGQEYYAEDLEKRAPDMCRYGPLQ
DPB1_168301,FGQEYYAEERADCRYGPLQ,FGQEYYAEDLEKRAPDMCRYGPLQ
DPB1_168401,FGQEYYAEERADCRYGPLQ,FGQEYYAEDLEERAPDMCRYGPLQ
DPB1_168501,FGQEYYAEERADCRYGPLQ,FGQEYYAEDLEKRAPDMCRYGPLQ
DPB1_168701,FGQEYYAEERADCRYGPLQ,FGQEYYAEDLEERAPDMCRYGPLQ
DPB1_168801,HLQEYYADERADCRYEALQ,HLQEYYADDLEKRAPDVCRYEALQ
DPB1_168901,YLQEYYAEERADCRYEALQ,YLQEYYAEDLEERAPDICRYEALQ
DPB1_169001,HLQEYYADERADCRYEALQ,HLQEYYADDLEERAPDMCRYEALQ
DPB1_169101,FGQEYYAEEQADCRYGPLQ,FGQEYYAEDLEEQAPDMCRYGPLQ
DPB1_169201,FGQEYYAEERADCRYEALQ,FGQEYYAEDLEKRAPDMCRYEALQ
DPB1_169301,FGQEYYAEERADCRYGPLQ,FGQEYYAEDLEKRAPDMCRYGPLQ
DPB1_169401,FGQEYYAEERADCRYGPLQ,FGQEYYAEDLEERAPDMCRYGPLQ
DPB1_169501,YGQEYYAEERADCRYEALQ,YGQEYYAEDLEKRAPDVCRYEALQ
DPB1_169601,HLQEYYAEERADCRYEALQ,HLQEYYAEDLEERAPDVCRYEALQ
DPB1_169701,FGQEYYAEERADCRYGPLQ,FGQEYYAEDLEKRAPDMCRYGPLQ
DPB1_169801,YLQEYYADERADCRYEALQ,YLQEYYADDLEERAPDMCRYEALQ
DPB1_169901,FGQEYYAEERADCRYGPLQ,FGQEYYAEDLEKRAPDMCRYGPLQ
DPB1_170001,FGQEYYAEERADCRYGPLQ,FGQEYYAEDLEKRAPDMCRYGPLQ
DPB1_170101,FGQEYYAEERADCRYGPLQ,FGQEYYAEDLEERAPDMCRYGPLQ
DPB1_170201,FGQEYYAEERADCRYGPLQ,FGQEYYAEDLEKRAPDMCRYGPLQ
DPB1_170301,FGQEYYAEERADCRYGPLQ,FGQEYYAEDLEERAPDMCRYGPLQ
DPB1_170401,FGQEYYAEERADCRYGPLQ,FGQEYYAEDLEKRAPDMCRYGPLQ
DPB1_170501,FGQEYYAEERADCRYGPLQ,FGQEYYAEDLEKRAPDMCRYGPLQ
DPB1_170601,YLQEYYAEERADCRYEALQ,YLQEYYAEDLEERAPDICRYEALQ
DPB1_170701,FGQEYYAEERADCRYGPLQ,FGQEYYAEDLEKRAPDMCRYGPLQ
DPB1_170801,YLQEYYADERADCRYEALQ,YLQEYYADDLEKRAPDVCRYEALQ
DPB1_170901,FGQEYYAEERADCRYGPLQ,FGQEYYAEDLEKRAPDMCRYGPLQ
DPB1_171001,FGQEYYAEERADCRYGPLQ,FGQEYYAEDLEERAPDMCRYGPLQ
DPB1_171101,FGQEYYAEERADCRYGPLQ,FGQEYYAEDLEKRAPDMCRYGPLQ
DPB1_171201,FGQEYYAEERADCRYGPLQ,FGQEYYAEDLEKRAPDMCRYGPLQ
DPB1_171401,YLQEYYADERADCRYEALQ,YLQEYYADDLEKRAPDVCRYEALQ
DPB1_171501,FGQEYYAEERADCRYGPLQ,FGQEYYAEDLEKRAPDMCRYGPLQ
DPB1_171601,FGQEYYAEERADCRYGPLQ,FGQEYYAEDLEKRAPDMCRYGPLQ
DPB1_171701,FGQEYYAEERADCRYGPLQ,FGQEYYAEDLEKRAPDMCRYGPLQ
DPB1_171801,FGQEYYAEERADCRYGPLQ,FGQEYYAEDLEKRAPDMCRYGPLQ
DPB1_171901,YLQEYYADERADCRYEALQ,YLQEYYADDLEKRAPDVCRYEALQ
DPB1_172001,FGQEYYAEERADCRYGPLQ,FGQEYYAEDLEKRAPDMCRYGPLQ
DPB1_172101,FGQEYYAEERADCRYGPLQ,FGQEYYAEDLEKRAPDMCRYGPLQ
DPB1_172201,HLQEYYAEERADCRYEALQ,HLQEYYAEDLEERAPDMCRYEALQ
DPB1_172301,FGQEYYAEERADCRYGPLQ,FGQEYYAEDLEERAPDMCRYGPLQ
DPB1_172401,FGQEYYAEERADCRYEALQ,FGQEYYAEDLEKRAPDMCRYEALQ
DPB1_172501,YLQEYYAEERADCRYEALQ,YLQEYYAEDLERRAPDMCRYEALQ
DPB1_172601,FGQEYYAEERADCRYGPLQ,FGQEYYAEDLEERAPDMCRYGPLQ
DPB1_172701,YGQEYYAEERADCRYGPLQ,YGQEYYAEDLEKRAPDMCRYGPLQ
DPB1_172901,FGQEYYAEERADCRYGPLQ,FGQEYYAEDLEKRAPDMCRYGPLQ
DPB1_173001,YLQEYYAEERADCRYEALQ,YLQEYYAEDLEERAPDICRYEALQ
DPB1_173101,FGQEYYAEERADCRYGPLQ,FGQEYYAEDLEKRAPDMCRYGPLQ
DPB1_173601,YLQEYYAEERADCRYEALQ,YLQEYYAEDLEKRAPDMCRYEALQ
DPB1_174401,FGQEYYAEERADCRYGPLQ,FGQEYYAEDLEKRAPDMCRYGPLQ
DPB1_174501,YLQEYYAEERADCRYEALQ,YLQEYYAEDLEERAPDICRYEALQ
DPB1_174801,FGQEYYAEERADCRYGPLQ,FGQEYYAEDLEKRAPDMCRYGPLQ
DPB1_174901,YGQEYYAEERADCRYEALQ,YGQEYYAEDLEKRAPDVCRYEALQ
DPB1_175001,FGQEYYAEERADCRYGPLQ,FGQEYYAEDLEERAPDMCRYGPLQ
DPB1_175801,FGQEYYAEERADCRYEALQ,FGQEYYAEDLEKRAPDMCRYEALQ
DPB1_176201,FGQEYYAEERADCRYGPLQ,FGQEYYAEDLEKRAPDMCRYGPLQ
DPB1_176301,FGQEYYAEERADCRYGPLQ,FGQEYYAEDLEERAPDMCRYGPLQ
DPB1_176401,FGQEYYAEERADCRYGSLQ,FGQEYYAEDLEKRAPDMCRYGSLQ
DPB1_176501,YGQEYYADERADCRYEALQ,YGQEYYADDLEKRAPDVCRYEALQ
DPB1_176701,FGQEYYAEERADCRYGPLQ,FGQEYYAEDLEKRAPDMCRYGPLQ
DPB1_176801,FGQEYYAEERADCRYGPLQ,FGQEYYAEDLEKRAPDMCRYGPLQ
DPB1_176901,YGQEYYAEERADCRYEALQ,YGQEYYAEDLEKRAPDVCRYEALQ
DPB1_177001,FGQEYYAEERADCRYGPLQ,FGQEYYAEDLEERAPDMCRYGPLQ
DPB1_177101,FGQEYYAEERADCRYGPLQ,FGQEYYAEDLEERAPDMCRYGPLQ
DPB1_177601,FGQEYYAEERADCRYGPLQ,FGQEYYAEDLEKRAPDMCRYGPLQ
DPB1_177701,HLQEYYAEERADCRYEALQ,HLQEYYAEDLERRAPDMCRYEALQ
DPB1_178101,YLQEYYADERADCRYEALQ,YLQEYYADDLEKRAPDVCRYEALQ
DPB1_178201,FGQEYYAEERADCRYGPLQ,FGQEYYAEDLEKRAPDMCRYGPLQ
DPB1_178401,HLQEYYADERADCRYEALQ,HLQEYYADDLEERAPDVCRYEALQ
DPB1_178801,FGQEYYAEERADCRYGPLQ,FGQEYYAEDLEKRAPDMCRYGPLQ
DPB1_178901,FGQEYYAEERADCRYGPLQ,FGQEYYAEDLEERAPDMCRYGPLQ
DPB1_179401,FGQEYYAEERADCRYGPLQ,FGQEYYAEDLEKRAPDMCRYGPLQ
DPB1_179501,YGQEYYAEERADCRYEALQ,YGQEYYAEDLEKRAPDVCRYEALQ
DPB1_179701,FGQEYYAEERADCRYGPLQ,FGQEYYAEDLEKRAPDMCRYGPLQ
DPB1_179801,YLQEYYADERADCRYEALQ,YLQEYYADDLEKRAPDVCRYEALQ
DPB1_180001,FGQEYYAEERADCRYGPLQ,FGQEYYAEDLEKRAPDMCRYGPLQ
DPB1_180301,HLQEYYADERADCRYEALQ,HLQEYYADDLEKRAPDVCRYEALQ
DPB1_180401,YLQEYYAEERADCRYEALQ,YLQEYYAEDLEERAPDICRYEALQ
DPB1_180501,FGQEYYAEERADCRYEALQ,FGQEYYAEDLEKRAPDMCRYEALQ
DPB1_180601,YLQEDYAEERADCRYEALQ,YLQEDYAEDLEERAPDMCRYEALQ
DPB1_16501,YGQEYYAEERADCRYEALQ,YGQEYYAEDLEKRAPDVCRYEALQ
DPB1_25701,YRQEYYAEERADCTYEMLQ,YRQEYYAEDLEKRAPDVCTYEMLQ
DPB1_44001,YGQEYYAEERADCRYEALQ,YGQEYYAEDLEKRAPDVCRYEALQ
DPB1_45901,YRQEYYAEERADCTYEALQ,YRQEYYAEDLEKRAPDVCTYEALQ
DPB1_46101,YGQEYYAEERADCRYEALQ,YGQEYYAEDLEKRAPDVCRYEALQ
DPB1_46201,YRQEYYAEERADCTYEMLQ,YRQEYYAEDLEKRAPDVCTYEMLQ
DPB1_46701,YRQEYYAEERADCTYEALQ,YRQEYYAEDLEKRAPDVCTYEALQ
DPB1_64001,YRQEYYAEERADCTYEALQ,YRQEYYAEDLEKRAPDVCTYEALQ
DPB1_64701,YRQEYYAEERADCTYEMLQ,YRQEYYAEDLEKRAPDVCTYEMLQ
DPB1_76301,YRQEYYAEERADCTYEALQ,YRQEYYAEDLEKRAPDVCTYEALQ
DPB1_79501,YRQEYYAEERADCTYEALQ,YRQEYYAEDLEKRAPDVCTYEALQ
DPB1_89601,YGQEYYAEERADCRYEALQ,YGQEYYAEDLEKRAPDVCRYEALQ
DPB1_90601,YRQEYYAEERADCTYEMLQ,YRQEYYAEDLEKRAPDVCTYEMLQ
DPB1_90701,YRQEYYAEERADCTYEALQ,YRQEYYAEDLEKRAPDVCTYEALQ
DPB1_93801,YGQEYYAEERADCRYEALQ,YGQEYYAEDLEKRAPDVCRYEALQ
DPB1_93901,YRQEYYAEERADCTYEALQ,YRQEYYAEDLEKRAPDVCTYEALQ
DPB1_97501,YRQEYYAEERADCTYEALQ,YRQEYYAEDLEKRAPDVCTYEALQ
DPB1_97901,YGQEYYAEERADCRYEALQ,YGQEYYAEDKEKRAPDVCRYEALQ
DPB1_98101,YRQEYYAEERADCTYEMLQ,YRQEYYAEDLEKRAPDVCTYEMLQ
DPB1_98301,YGQEYYAEERADCRYEALQ,YGQEYYAEDLEKRAPDVCRYEALQ
DPB1_101101,YRQEYYAEERADCTYEALQ,YRQEYYAEDLEKRAPDVCTYEALQ
DPB1_103201,YRQEYYAEERADCRYEALQ,YRQEYYAEDLEKRAPDVCRYEALQ
DPB1_103301,YRQEYYEEERADCTYEALQ,YRQEYYEEDLEKRAPDVCTYEALQ
DPB1_103401,YGQEYYAEERADCRYEALQ,YGQEYYAEDLEKRAPDVCRYEALQ
DPB1_103501,YRQEYYAEERADCTYEMLQ,YRQEYYAEDLEKRAPDVCTYEMLQ
DPB1_103601,YRQEYYAEERADCNYEALQ,YRQEYYAEDLEKRAPDVCNYEALQ
DPB1_104001,YRQEYYAEERADCTYEALQ,YRQEYYAEDLEKRAPDVCTYEALQ
DPB1_104901,YGQEYYAEERADCRYEALQ,YGQEYYAEDLEKRAPDVCRYEALQ
DPB1_105001,YGQEYYAEERADCRYEALQ,YGQEYYAEDLEKRAPDVCRYEALQ
DPB1_105201,YRQEYYAEERADCTYEALQ,YRQEYYAEDLEKRAPDVCTYEALQ
DPB1_105301,YRQEYYAEERADCTYEALQ,YRQEYYAEDLEKRAPDVCTYEALQ
DPB1_105401,YGQEYYAEERADCRYEALQ,YGQEYYAEDLEKRAPDVCRYEALQ
DPB1_105501,YRQEYYAEERADCTYEALQ,YRQEYYAEDLEKRAPDVCTYEALQ
DPB1_105701,YGQEYYAEERADCRYEALQ,YGQEYYAEDLEKRAPDVCRYEALQ
DPB1_105801,YGQEYYAEERADCRYEALQ,YGQEYYAEDLEKRAPDVCRYEALQ
DPB1_106101,YGQEYYAEERADCRYEALQ,YGQEYYAEDLEKRAPDVCRYEALQ
DPB1_106401,YRQEYYAEERADCTYEALQ,YRQEYYAEDLEKRAPDVCTYEALQ
DPB1_106601,YRQEYYAEERADCTYEALQ,YRQEYYAEDLEKRAPDVCTYEALQ
DPB1_106701,YGQEYYAEERADCRYEALQ,YGQEYYAEDLEKRAPDVCRYEALQ
DPB1_108101,YRQEYYAEERADCTYEALQ,YRQEYYAEDLEKRAPDVCTYEALQ
DPB1_108601,YRQEYYAEERADCTYEALQ,YRQEYYAEDLEKRAPDVCTYEALQ
DPB1_108701,YGQEYYAEERADCRYEALQ,YGQEYYAEDLEKRAPDVCRYEALQ
DPB1_108901,YRQEYYAEERADCTYEALQ,YRQEYYAEDLEKRAPDVCTYEALQ
DPB1_109001,YGQEYYAEERADCRYEALQ,YGQEYYAEDLEKRAPDVCRYEALQ
DPB1_109101,YRQEYYAEERADCTYEALQ,YRQEYYAEDLEKRAPDVCTYEALQ
DPB1_109501,YGQEYYAEERADCRYEALQ,YGQEYYAEDLEKRAPDVCRYEALQ
DPB1_109601,YGQEYYAEERADCRYEALQ,YGQEYYAEDLEKRAPDVCRYEALQ
DPB1_109701,YRQEYYAEERADCTYEALQ,YRQEYYAEDLEKRAPDVCTYEALQ
DPB1_110101,YGQEYYAEERADCRYEALQ,YGQEYYAEDLEKRAPDVCRYEALQ
DPB1_110301,YGQEYYAEERADCRYEALQ,YGQEYYAEDLEKRAPDVCRYEALQ
DPB1_110401,YGQEYYAEERADCRYEALQ,YGQEYYAEDLEKRAPDVCRYEALQ
DPB1_110601,YRQEYYAEERADCTYEALQ,YRQEYYAEDLEKRAPDVCTYEALQ
DPB1_110701,YRQEYYAEERADCTYEALQ,YRQEYYAEDLEKRAPDVCTYEALQ
DPB1_110801,YRQEYYAEERADCTYEALQ,YRQEYYAEDLEKRAPDVCTYEALQ
DPB1_111001,YRQEYYAEERADCTYEMLQ,YRQEYYAEDLEKRAPDVCTYEMLQ
DPB1_111101,YGQEYYAEERADCRYEALQ,YGQEYYAEDLEKRAPDVCRYEALQ
DPB1_111301,YRQEYYAEERADCTYEALQ,YRQEYYAEDLEKRAPDVCTYEALQ
DPB1_111401,YGQEYYAEERADCRYEALQ,YGQEYYAEDLEKRAPDVCRYEALQ
DPB1_111601,YGQEYYAEERADCRYEALQ,YGQEYYAEDLEKRAPDVCRYEALQ
DPB1_112201,YRQEYYAEERADCTYEALQ,YRQEYYAEDLEKRAPDVCTYEALQ
DPB1_112301,YGQEYYAEERADCRYEALQ,YGQEYYAEDLEKRAPDVCRYEALQ
DPB1_112401,YRQEYYAEERADCTYEMLQ,YRQEYYAEDLEKRAPDVCTYEMLQ
DPB1_113601,YGQEYYAEERADCRYEALQ,YGQEYYAEDLEKRAPDVCRYEALQ
DPB1_113701,YGQEYYAEERADCRYEALQ,YGQEYYAEDLEKRAPDVCRYEALQ
DPB1_114001,YRQEYYAEERADCTYEALQ,YRQEYYAEDLEKRAPDVCTYEALQ
DPB1_114201,YGQEYYAEERADCRYEALQ,YGQEYYAEDLEKRAPDVCRYEALQ
DPB1_114901,YGQEYYAEERADCRYEALQ,YGQEYYAEDLEKRAPDVCRYEALQ
DPB1_115101,YGQEYYAEERADCRYEALQ,YGQEYYAEDLEKRAPDVCRYEALQ
DPB1_115201,YRQEYYAEERADCTYEALQ,YRQEYYAEDLEKRAPDVCTYEALQ
DPB1_115601,YGQEYYAEERADCRYEALQ,YGQEYYAEDLEKRAPDVCRYEALQ
DPB1_115701,YGQEYYAEERADCRYEALQ,YGQEYYAEDLEKRAPDVCRYEALQ
DPB1_116501,YGQEYYAEERADCRYEALQ,YGQEYYAEDLEKRAPDVCRYEALQ
DPB1_116801,YGQEYYAEERADCRYEALQ,YGQEYYAEDLEKRAPDVCRYEALQ
DPB1_117001,YGQEYYAEERADCRYEALQ,YGQEYYAEDLEKRAPDVCRYEALQ
DPB1_117101,YRQEYYAEERADCTYEALQ,YRQEYYAEDLEKRAPDVCTYEALQ
DPB1_117301,YRQEYYAEERADCTYEALQ,YRQEYYAEDLEKRAPDVCTYEALQ
DPB1_117701,YRQEYYAEERADCTYEALQ,YRQEYYAEDLEKRAPDVCTYEALQ
DPB1_117801,YGQEYYAEERADCRYEALQ,YGQEYYAEDLEKRAPDVCRYEALQ
DPB1_117901,YRQEYYAEERADCTYEALQ,YRQEYYAEDLEKRAPDVCTYEALQ
DPB1_118501,YGQEYYAEERADCRYEALQ,YGQEYYAEDLEKRAPDVCRYEALQ
DPB1_119001,YRQEYYAEERADCTYEALQ,YRQEYYAEDLEKRAPDVCTYEALQ
DPB1_119201,YGQEYYAEERADCRYEALQ,YGQEYYAEDLEKRAPDVCRYEALQ
DPB1_119601,YRQEYYAEERADCTYEALQ,YRQEYYAEDLEKRAPDVCTYEALQ
DPB1_119701,YRQEYYAEERADCTYEMLQ,YRQEYYAEDLEKRAPDVCTYEMLQ
DPB1_119801,YRQEYYAEERADCTYEALQ,YRQEYYAEDLEKRAPDVCTYEALQ
DPB1_119901,YGQEYYAEERADCRYEALQ,YGQEYYAEDLEKRAPDICRYEALQ
DPB1_120001,YRQEYYAEERADCTYEALQ,YRQEYYAEDLEKRAPDVCTYEALQ
DPB1_120101,YGQEYYAEERADCRYEALQ,YGQEYYAEDLEKRAPDVCRYEALQ
DPB1_120301,YRQEYYAEERADCTYEMLQ,YRQEYYAEDLEKRAPDVCTYEMLQ
DPB1_120401,YGQEYYAEERADCRYEALQ,YGQEYYAEDLEKRAPDVCRYEALQ
DPB1_120501,YGQEYYAEERADCRYEALQ,YGQEYYAEDLEKRAPDVCRYEALQ
DPB1_120601,YRQEYYAEERADCTYEALQ,YRQEYYAEDLEKRAPDVCTYEALQ
DPB1_120701,YRQEYYAEERADCTYEALQ,YRQEYYAEDLEKRAPDVCTYEALQ
DPB1_121101,YRQEYYAEERADCTYEMLQ,YRQEYYAEDLEKRAPDVCTYEMLQ
DPB1_121801,YRQEYYAEERADCTYEALQ,YRQEYYAEDLEKRAPDVCTYEALQ
DPB1_122001,YRQEYYAEERADCTYEALQ,YRQEYYAEDLEKRAPDVCTYEALQ
DPB1_122201,YRQEYYAEERADCTYEALQ,YRQEYYAEDLEKRAPDVCTYEALQ
DPB1_122301,YRQEYYAEERADCTYEALQ,YRQEYYAEDLEKRAPDVCTYEALQ
DPB1_122401,YGQEYYAEERADCRYEALQ,YGQEYYAEDLEKRAPDVCRYEALQ
DPB1_122701,YRQEYYAEERADCTYEALQ,YRQEYYAEDLEKRAPDVCTYEALQ
DPB1_122901,YGQEYYAEERADCRYEALQ,YGQEYYAEDLEKRAPDVCRYEALQ
DPB1_123101,YRQEYYAEERADCTYEALQ,YRQEYYAEDLEKRAPDVCTYEALQ
DPB1_126601,YRQEYYAEERADCTYEALQ,YRQEYYAEDLEKRAPDVCTYEALQ
DPB1_126801,YRQEYYAEERADCTYEALQ,YRQEYYAEDLEKRAPDVCTYEALQ
DPB1_127201,YGQEYYAEERADCRYEALQ,YGQEYYAEDLEKRAPDVCRYEALQ
DPB1_127401,YRQEYYAEERADCTYEALQ,YRQEYYAEDLEKRAPDVCTYEALQ
DPB1_127601,YRQEYYAEERADCTYEALQ,YRQEYYAEDLEKRAPDVCTYEALQ
DPB1_127701,YRQEYYAEERADCTYEALQ,YRQEYYAEDLEKRAPDVCTYEALQ
DPB1_127801,YGQEYYAEERADCRYEALQ,YGQEYYAEDLEKRAPDVCRYEALQ
DPB1_128001,YRQEYYAEERADCTYEMLQ,YRQEYYAEDLEKRAPDVCTYEMLQ
DPB1_128201,YGQEYYAEERADCRYEALQ,YGQEYYAEDLEKRAPDICRYEALQ
DPB1_128301,YRQEYYAEERADCTYEMLQ,YRQEYYAEDLEKRAPDVCTYEMLQ
DPB1_128701,YGQEYYAEERADCRYEALQ,YGQEYYAEDLEKRAPDVCRYEALQ
DPB1_128901,YGQEYYAEERADCRYEALQ,YGQEYYAEDLEKRAPDVCRYEALQ
DPB1_129201,YRQEYYAEERADCTYEALQ,YRQEYYAEDLEKRAPDVCTYEALQ
DPB1_129301,YGQEYYAEERADCRYEALQ,YGQEYYAEDLEKRAPDVCRYEALQ
DPB1_129401,YGQEYYAEERADCRYEALQ,YGQEYYAEDLEKRAPDVCRYEALQ
DPB1_129501,YGQEYYAEERADCRYEALQ,YGQEYYAEDLEKRAPDVCRYEALQ
DPB1_129601,YRQEYYAEERADCTYEALQ,YRQEYYAEDLEKRAPDVCTYEALQ
DPB1_129701,YRQEYYAEERADCTYGALQ,YRQEYYAEDLEKRAPDVCTYGALQ
DPB1_129801,YRQEYYAEERADCAYEALQ,YRQEYYAEDLEKRAPDVCAYEALQ
DPB1_130101,YRQEYYAEERADCTYEALQ,YRQEYYAEDLEKRAPDVCTYEALQ
DPB1_130201,YGQEYYAEERADCRYEALQ,YGQEYYAEDLEKRAPDVCRYEALQ
DPB1_130301,YGQEYYAEERADCRYEALQ,YGQEYYAEDLEKRAPDVCRYEALQ
DPB1_130401,YRQEYYAEERADCTYEALQ,YRQEYYAEDLEKRAPDVCTYEALQ
DPB1_130501,YGQEYYAEERADCRYEALQ,YGQEYYAEDLEKRAPDVCRYEALQ
DPB1_130601,YGQEYYAEERADCRYEALQ,YGQEYYAEDLEKRAPDVCRYEALQ
DPB1_130701,YGQEYYAEERADCRYEALQ,YGQEYYAEDLEKRAPDVCRYEALQ
DPB1_130801,YRQEYYAEERADCTYEALQ,YRQEYYAEDLEKRAPDVCTYEALQ
DPB1_130901,YRQEYYAEERADCTYEALQ,YRQEYYAEDLEKRAPDVCTYEALQ
DPB1_131001,YGQEYYAEERADCRYEALQ,YGQEYYAEDLEKRAPDVCRYEALQ
DPB1_131101,YGQEYYAEERADCRYEALQ,YGQEYYAEDLEKRAPDVCRYEALQ
DPB1_131201,YRQEYYAEERADCTYEALQ,YRQEYYAEDLEKRAPDVCTYEALQ
DPB1_131301,YGQEYYAEERADCRYEALQ,YGQEYYAEDLEKRAPDVCRYEALQ
DPB1_131401,YGQEYYAEERADCRYEALQ,YGQEYYAEDLEKRAPDVCRYEALQ
DPB1_131901,YRQEYYAEERADCTYEMLQ,YRQEYYAEDLEKRAPDVCTYEMLQ
DPB1_132401,YGQEYYAEERADCRYEALQ,YGQEYYAEDLEKRAPDVCRYEALQ
DPB1_132801,YRQEYYAEERADCTYEALQ,YRQEYYAEDLEKRAPDVCTYEALQ
DPB1_132901,YGQEYYAEERADCRYEALQ,YGQEYYAEDLEKRAPDVCRYEALQ
DPB1_133001,YGQEYYAEERADCRYEALQ,YGQEYYAEDLEKRAPDVCRYEALQ
DPB1_133101,YGQEYYAEERADCRYEALQ,YGQEYYAEDLEKRAPDVCRYEALQ
DPB1_133301,YGQEYYAEERADCRYEALQ,YGQEYYAEDLEKRAPDVCRYEALQ
DPB1_133501,YRQEYYAEERADCTYEALQ,YRQEYYAEDLEKRAPDVCTYEALQ
DPB1_133601,YGQEYYAEERADCRYEALQ,YGQEYYAEDLEKRAPDVCRYEALQ
DPB1_133901,YGQEYYAEERADCRYEALQ,YGQEYYAEDLEKRAPDVCRYEALQ
DPB1_134001,YGQEYYAEERADCRYEALQ,YGQEYYAEDLEKRAPDVCRYEALQ
DPB1_134101,YGQEYYAEERADCRYEALQ,YGQEYYAEDLEKRAPDVCRYEALQ
DPB1_134201,YGQEYYAEERADCRYEALQ,YGQEYYAEDLEKRAPDVCRYEALQ
DPB1_134301,YRQEYYAEERADCTYEALQ,YRQEYYAEDLEKRAPDVCTYEALQ
DPB1_134901,YGQEYYAEERADCRYEALQ,YGQEYYAEDLEKRAPDVCRYEALQ
DPB1_135301,YRQEYYAEERADCTYEALQ,YRQEYYAEDLEKRAPDVCTYEALQ
DPB1_135401,YGQEYYAEERADCRYEALQ,YGQEYYAEDLEKRAPDVCRYEALQ
DPB1_135601,YRQEYYAEENADCTYEALQ,YRQEYYAEDLEKNAPDVCTYEALQ
DPB1_135801,YRQEYYAEERADCTYEALQ,YRQEYYAEDLEKRAPDVCTYEALQ
DPB1_136101,YGQEYYAEERADCRYEALQ,YGQEYYAEDLEKRAPDVCRYEALQ
DPB1_142701,YGQEYYAEERADCRYEALQ,YGQEYYAEDLEKRAPDVCRYEALQ
DPB1_142801,YRQEYYAEERADCTYEALQ,YRQEYYAEDLEKRAPDVCTYEALQ
DPB1_142901,YGQEYYAEERADCRYEALQ,YGQEYYAEDLEKRAPDVCRYEALQ
DPB1_143201,YGQEYYAEERADCRYEALQ,YGQEYYAEDLEKRAPDVCRYEALQ
DPB1_143301,YRQEYYAEERADCTYEALQ,YRQEYYAEDLEKRAPDVCTYEALQ
DPB1_143401,YGQEYYAEERADCRYEALQ,YGQEYYAEDLEKRAPDVCRYEALQ
DPB1_143501,YRQEYYAEERADCTYEALQ,YRQEYYAEDLEKRAPDVCTYEALQ
DPB1_143801,YGQEYYAEERADCRYEALQ,YGQEYYAEDLEKRAPDVCRYEALQ
DPB1_144101,YGQEYYAEERADCRYEALQ,YGQEYYAEDLEKRAPDVCRYEALQ
DPB1_144301,YGQEYYAEERADCRYEALQ,YGQEYYAEDLEKRAPDVCRYEALQ
DPB1_144501,YRQEYYAEERADCTYEALQ,YRQEYYAEDLEKRAPDVCTYEALQ
DPB1_144601,YRQEYYAEERADCTYEALQ,YRQEYYAEDLEKRAPDVCTYEALQ
DPB1_145101,YGQEYYAEERADCRYEALQ,YGQEYYAEDLEKRAPDVCRYEALQ
DPB1_145201,YGQEYYAEERADCRYEALQ,YGQEYYAEDLEKRAPDVCRYEALQ
DPB1_145301,YRQEYYAEERADCTYEALQ,YRQEYYAEDLEKRAPDVCTYEALQ
DPB1_145701,YGQEYYAEERAECRYEALQ,YGQEYYAEDLEKRAPEVCRYEALQ
DPB1_145801,YRQEYYAEERADCTYEALQ,YRQEYYAEDLEKRAPDVCTYEALQ
DPB1_145901,YRQEYYAEERADCTYEALQ,YRQEYYAEDLEKRAPDVCTYEALQ
DPB1_146001,YRQEYYAEERADCTYEMLQ,YRQEYYAEDLEKRAPDVCTYEMLQ
DPB1_146401,YGQEYYAEERADCRYEALQ,YGQEYYAEDLEKRAPDVCRYEALQ
DPB1_146801,YRQEYYAEERADCTYEALQ,YRQEYYAEDLEKRAPDVCTYEALQ
DPB1_147301,YGQEYYAEERADCRYEALQ,YGQEYYAEDLEKRAPDVCRYEALQ
DPB1_147401,YGQEYYAEERADCRYEALQ,YGQEYYAEDLEKRAPDVCRYEALQ
DPB1_147501,YRQEYYAEERADCTYEALQ,YRQEYYAEDLEKRAPDVCTYEALQ
DPB1_147601,YRQEYYAEERADCTYEALQ,YRQEYYAEDLEKRAPDVCTYEALQ
DPB1_147701,YGQEYYAEERADCRYEALQ,YGQEYYAEDLEKRAPDVCRYEALQ
DPB1_147901,YRQEYYAEERADCTYEMLQ,YRQEYYAEDLEKRAPDVCTYEMLQ
DPB1_148001,YGQEYYAEERADCRYEALQ,YGQEYYAEDLEKRAPDVCRYEALQ
DPB1_148101,YGQEYYAEERADCRYEALQ,YGQEYYAEDLEKRAPDVCRYEALQ
DPB1_148901,YGQEYYAEERADCRYEALQ,YGQEYYAEDLEKRAPDVCRYEALQ
DPB1_149001,YGQEYYAEERADCRYEALQ,YGQEYYAEDLEKRAPDVCRYEALQ
DPB1_149101,YGQEYYAEERADCRYEALQ,YGQEYYAEDLEKRAPDVCRYEALQ
DPB1_149401,YGQEYYAEERADCRYEALQ,YGQEYYAEDLEKRAPDVCRYEALQ
DPB1_149501,YRQEYYAEERADCTYEALQ,YRQEYYAEDLEKRAPDVCTYEALQ
DPB1_149601,YGQEYYAEERADCRYEALQ,YGQEYYAEDLEKRAPDVCRYEALQ
DPB1_150201,YGQEYYAEERADCRYEALQ,YGQEYYAEDLEKRAPDVCRYEALQ
DPB1_150301,YRQEYYAEERADCTYEALQ,YRQEYYAEDLEKRAPDVCTYEALQ
DPB1_150401,YGQEYYAEERADCRYEALQ,YGQEYYAEDLEKRAPDVCRYEALQ
DPB1_150501,YRQEYYAEERADCTYEMLQ,YRQEYYAEDLEKRAPDVCTYEMLQ
DPB1_150601,YGQEYYAEERADCRYEALQ,YGQEYYAEDLEKRAPDVCRYEALQ
DPB1_150901,YRQEYYAEERADCTYEMLQ,YRQEYYAEDLEKRAPDVCTYEMLQ
DPB1_151001,YRQEYYAEERADCTYEALQ,YRQEYYAEDLEKRAPDVCTYEALQ
DPB1_151301,YRQEYYAEERADCTYEALQ,YRQEYYAEDLEKRAPDVCTYEALQ
DPB1_151501,YGQEYYAEERADCRYEALQ,YGQEYYAEDLEKRAPDVCRYEALQ
DPB1_151901,YGQEYYAEERADCRYEALQ,YGQEYYAEDLEKRAPDVCRYEALQ
DPB1_152101,YGQEYYAEERADCRYEALQ,YGQEYYAEDLEKRAPDVCRYEALQ
DPB1_152201,YRQEYYAEERADCTYEALQ,YRQEYYAEDLEKRAPDVCTYEALQ
DPB1_152301,YRQEYYAEERADCTYEMLQ,YRQEYYAEDLEKRAPDVCTYEMLQ
DPB1_152401,YGQEYYAEERADCRYEALQ,YGQEYYAEDLEKRAPDVCRYEALQ
DPB1_152501,YGQEYYAEERADCRYEALQ,YGQEYYAEDLEKRAPDVCRYEALQ
DPB1_152701,YRQEYYAEERADCTYEMLQ,YRQEYYAEDLEKRAPDVCTYEMLQ
DPB1_152801,YRQEYYAEERADCTYEALQ,YRQEYYAEDLEKRAPDVCTYEALQ
DPB1_152901,YGQEYYAEERADCRYEALQ,YGQEYYAEDLEKRAPDVCRYEALQ
DPB1_153001,YRQEYYAEERADCTYEMLQ,YRQEYYAEDLEKRAPDVCTYEMLQ
DPB1_153101,YGQEYYAEERADCRYEALQ,YGQEYYAEDLEKRAPDVCRYEALQ
DPB1_153201,YRQEYYAEERADCTYEALQ,YRQEYYAEDLEKRAPDVCTYEALQ
DPB1_155101,YGQEYYAEERADCRYEALQ,YGQEYYAEDLEKRAPDVCRYEALQ
DPB1_155201,YRQEYYAEERADCTYEMLQ,YRQEYYAEDLEKRAPDVCTYEMLQ
DPB1_156301,YRQEYYAEERADCTYEALQ,YRQEYYAEDLEKRAPDVCTYEALQ
DPB1_156401,YRQEYYAEERADCTYEALQ,YRQEYYAEDLEKRAPDVCTYEALQ
DPB1_156501,YRQEYYAEERADCTYEALQ,YRQEYYAEDLEKRAPDVCTYEALQ
DPB1_156601,YGQEYYAEERADCRYEALQ,YGQEYYAEDLEKRAPDVCRYEALQ
DPB1_156701,YGQEYYAEEIADCRYEALQ,YGQEYYAEDLEKIAPDVCRYEALQ
DPB1_156801,YGQEYYAEERADCRYEALQ,YGQEYYAEDLEKRAPDVCRYEALQ
DPB1_157201,YRQEYYAEERADCTYEALQ,YRQEYYAEDLEKRAPDVCTYEALQ
DPB1_157401,YRQEYYAEERADCTYEMLQ,YRQEYYAEDLEKRAPDVCTYEMLQ
DPB1_157501,YGQEYYAEERADCRYEALQ,YGQEYYAEDLEKRAPDVCRYEALQ
DPB1_157601,YGQEYYAEERADCRYEALQ,YGQEYYAEDLEKRAPDVCRYEALQ
DPB1_157701,YGQEYYAEERADCRYEALQ,YGQEYYAEDLEKRAPDVCRYEALQ
DPB1_157801,YRQEYYAEERADCTYEALQ,YRQEYYAEDLEKRAPDVCTYEALQ
DPB1_157901,YGQEYYAEERADCRYEALQ,YGQEYYAEDLEKRAPDVCRYEALQ
DPB1_158001,YGQEYYAEERADCRYEALQ,YGQEYYAEDLEKRAPDVCRYEALQ
DPB1_158401,YGQEYYAEERADCRYEALQ,YGQEYYAEDLEKRAPDVCRYEALQ
DPB1_158601,YRQEYYAEERADCTYEALQ,YRQEYYAEDLEKRAPDVCTYEALQ
DPB1_158901,YGQEYYAEERADCRYEALQ,YGQEYYAEDLEKRAPDVCRYEALQ
DPB1_159001,YRQEYYAEERADCTYEALQ,YRQEYYAEDLEKRAPDVCTYEALQ
DPB1_159201,YGQEYYAEERADCRYEALQ,YGQEYYAEDLEKRAPDVCRYEALQ
DPB1_159301,YRQEYYAEERADCTYEALQ,YRQEYYAEDLEKRAPDVCTYEALQ
DPB1_159501,YRQEYYAEERADCTYEALQ,YRQEYYAEDLEKRAPDVCTYEALQ
DPB1_159601,YRQEYYAEERADCTYEALQ,YRQEYYAEDLEKRAPDVCTYEALQ
DPB1_159801,YGQEYYAEERADCRYEALQ,YGQEYYAEDLEKRAPDVCRYEALQ
DPB1_159901,YRQEYYAEERADCTYEMLQ,YRQEYYAEDLEKRAPDVCTYEMLQ
DPB1_160001,YGQEYYAEERADCRYEALQ,YGQEYYAEDLEKRAPDVCRYEALQ
DPB1_160101,YGQEYYAEERADCRYEALQ,YGQEYYAEDLEKRAPDVCRYEALQ
DPB1_160301,YGQEYYAEERADCRYEALQ,YGQEYYAEDLEKRAPDVCRYEALQ
DPB1_160401,YGQEYYAEERADCRYEALQ,YGQEYYAEDLEKRAPDVCRYEALQ
DPB1_160501,YGQEYYAEERADCRYEALQ,YGQEYYAEDLEKRAPDVCRYEALQ
DPB1_160601,YGQEYYAEERADCRYEALQ,YGQEYYAEDLEKRAPDVCRYEALQ
DPB1_160801,YRQEYYAEERADCTYEALQ,YRQEYYAEDLEKRAPDVCTYEALQ
DPB1_161001,YGQEYYAEERADCRYEALQ,YGQEYYAEDLEKRAPDVCRYEALQ
DPB1_161101,YGQEYYAEERADCRYEALQ,YGQEYYAEDLEKRAPDVCRYEALQ
DPB1_161301,YGQEYYAEERADCRYEALQ,YGQEYYAEDLEKRAPDICRYEALQ
DPB1_161401,YRQEYYAEERADCTYEALQ,YRQEYYAEDLEKRAPDVCTYEALQ
DPB1_161901,YRQEYYAEERADCTYEMLQ,YRQEYYAEDLEKRAPDVCTYEMLQ
DPB1_162301,YGQEYYAEERADCRYEALQ,YGQEYYAEDLEKRAPDVCRYEALQ
DPB1_162401,YGQEYYAEERADCRYEALQ,YGQEYYAEDLEKRAPDVCRYEALQ
DPB1_162501,YRQEYYAEERADCTYEALQ,YRQEYYAEDLEKRAPDVCTYEALQ
DPB1_162701,YGQEYYAEERADCRYEALQ,YGQEYYAEDLEKRAPDVCRYEALQ
DPB1_162801,YRQEYYAEERADCTYEALQ,YRQEYYAEDLEKRAPDVCTYEALQ
DPB1_163201,YRQEYYAEERADCTYEALQ,YRQEYYAEDLEKRAPDVCTYEALQ
DPB1_163301,YGQEYYAEERADCRYEALQ,YGQEYYAEDLEKRAPDVCRYEALQ
DPB1_163401,YGQEYYAEERADCRYEALQ,YGQEYYAEDLEKRAPDVCRYEALQ
DPB1_163501,YGQEYYAEERADCRYEALQ,YGQEYYAEDLEKRAPDVCRYEALQ
DPB1_163601,YGQEYYAEERADCRYEALQ,YGQEYYAEDLEKRAPDVCRYEALQ
DPB1_163701,YRQEYYAEERADCTYEMLQ,YRQEYYAEDLEKRAPDVCTYEMLQ
DPB1_163801,YRQEYYAEERADCTYEMLQ,YRQEYYAEDLEKRAPDVCTYEMLQ
DPB1_163901,YGQEYYAEERADCRYEALQ,YGQEYYAEDLEKRAPDVCRYEALQ
DPB1_164001,YRQEYYAEERADCTYEMLQ,YRQEYYAEDLEKRAPDVCTYEMLQ
DPB1_164201,YGQEYYAEERADCRYEALQ,YGQEYYAEDLEKRAPDVCRYEALQ
DPB1_164301,YGQEYYARERADCRYEALQ,YGQEYYARDLEKRAPDVCRYEALQ
DPB1_164401,YRQEYYAEERADCTYEALQ,YRQEYYAEDLEKRAPDVCTYEALQ
DPB1_164601,YRQEYYAEERADCTYEALQ,YRQEYYAEDLEKRAPDVCTYEALQ
DPB1_164701,YRQEYYAEERADCTYEALQ,YRQEYYAEDLEKRAPDVCTYEALQ
DPB1_173201,YRQEYYAEERADCTYEALQ,YRQEYYAEDLEKRAPDVCTYEALQ
DPB1_173301,YGQEYYAEERADCRYEALQ,YGQEYYAEDLEKRAPDVCRYEALQ
DPB1_173501,YGQEYYAEERADCRYEALQ,YGQEYYAEDLEKRAPDVCRYEALQ
DPB1_173701,YGQEYYAEERADCRYEALQ,YGQEYYAEDLEKRAPDVCRYEALQ
DPB1_173901,YRQEYYAEERADCTYEALQ,YRQEYYAEDLEKRAPDVCTYEALQ
DPB1_174101,YRQEYYAEERADCTYEALQ,YRQEYYAEDLEKRAPDVCTYEALQ
DPB1_174201,YRQEYYAEERADCTYEALQ,YRQEYYAEDLEKRAPDVCTYEALQ
DPB1_174301,YGQEYYAEERADCRYEALQ,YGQEYYAEDLEKRAPDVCRYEALQ
DPB1_174601,YGQEYYAEERADCRYEALQ,YGQEYYAEDLEKRAPDVCRYEALQ
DPB1_174701,YRQEYYAEERADCTYEALQ,YRQEYYAEDLEKRAPDVCTYEALQ
DPB1_175401,YRQEYYAEERADCTYEMLQ,YRQEYYAEDLEKRAPDVCTYEMLQ
DPB1_175501,YGQEYYAEERADCRYEALQ,YGQEYYAEDLEKRAPDVCRYEALQ
DPB1_175601,YRQEYYAEERADCTYEMLQ,YRQEYYAEDLEKRAPDVCTYEMLQ
DPB1_175701,YRQEYYAEERADCTYEALQ,YRQEYYAEDLEKRAPDVCTYEALQ
DPB1_175901,YRQEYYAEERADCTYEALQ,YRQEYYAEDLEKRAPDVCTYEALQ
DPB1_176101,YGQEYYAEERADCRYEALQ,YGQEYYAEDLEKRAPDVCRYEALQ
DPB1_177801,YRQEYYAEERADCTYEALQ,YRQEYYAEDLEKRAPDVCTYEALQ
DPB1_177901,YRQEYYAEERADCTYEMLQ,YRQEYYAEDLEKRAPDVCTYEMLQ
DPB1_178001,YGQEYYAEERADCRYEALQ,YGQEYYAEDLEKRAPDVCRYEALQ
DPB1_178301,YGQEYYAEERADCRYEALQ,YGQEYYAEDLEKRAPDVCRYEALQ
DPB1_178501,YGQEYYAEERADCRYEALQ,YGQEYYAEDLEKRAPDVCRYEALQ
DPB1_178701,YGQEYYAEERADCRYEALQ,YGQEYYAEDLEKRAPDVCRYEALQ
DPB1_179101,YRQEYYAEERADCTYEMLQ,YRQEYYAEDLEKRAPDVCTYEMLQ
DPB1_179301,YGQEYYAEERADCRYEALQ,YGQEYYAEDLEKRAPDVCRYEALQ
DPB1_179601,YGQEYYAEERADCRYEALQ,YGQEYYAEDLEKRAPDVCRYEALQ
DPB1_180101,YRQEYYAEERADCTYEMLQ,YRQEYYAEDLEKRAPDVCTYEMLQ
DPB1_180201,YGQEYYAEERSDCRYEALQ,YGQEYYAEDLEKRSPDVCRYEALQ
